archetype,run_id,TMYx_He_worst,DSY_He_worst,delta_He_worst,TMYx_We_max_worst,DSY_We_max_worst,delta_We_max_worst,TMYx_T_op_peak,DSY_T_op_peak,delta_T_op_peak,TMYx_hours_gt26_night,DSY_hours_gt26_night,delta_hours_gt26_night,TMYx_heat_kWh_m2,DSY_heat_kWh_m2,delta_heat_kWh_m2,TMYx_hours_C3_worst,DSY_hours_C3_worst,delta_hours_C3_worst
detached,run_0252,0.3813,1.8519,1.4706000000000001,12.0,51.0,39.0,30.476,35.149,4.673000000000002,0.0,15,15.0,270.0351,219.1952,-50.8399,0.0,16,16.0
detached,run_0301,0.0545,1.4978,1.4433,5.0,43.0,38.0,29.269,34.355,5.0859999999999985,0.0,12,12.0,49.4397,41.9979,-7.441800000000001,0.0,5,5.0
detached,run_0322,0.1906,1.6612,1.4706000000000001,10.0,50.0,40.0,29.93,34.73,4.799999999999997,0.0,12,12.0,65.3641,62.1934,-3.1706999999999965,0.0,9,9.0
detached,run_0345,0.1089,1.5251,1.4162,7.0,44.0,37.0,29.599,34.555,4.9559999999999995,0.0,9,9.0,115.1322,91.887,-23.245199999999997,0.0,7,7.0
detached,run_0492,1.4978,2.8867,1.3888999999999998,29.0,66.0,37.0,31.963,36.01,4.046999999999997,15.0,44,29.0,135.1404,115.8388,-19.301599999999993,0.0,38,38.0
detached,run_0628,0.1089,1.6068,1.4979,9.0,48.0,39.0,29.739,34.728,4.989000000000001,0.0,9,9.0,96.0055,93.8262,-2.179299999999998,0.0,8,8.0
detached,run_0724,0.2996,1.9336,1.634,11.0,50.0,39.0,30.165,34.903,4.7379999999999995,0.0,19,19.0,123.1962,103.5513,-19.644900000000007,0.0,10,10.0
detached,run_0903,0.3813,1.7429,1.3616,12.0,53.0,41.0,30.508,35.181,4.672999999999998,0.0,12,12.0,151.9159,130.8787,-21.037199999999984,0.0,16,16.0
detached,run_0982,0.4085,1.7702,1.3617,16.0,54.0,38.0,30.752,35.35,4.5980000000000025,0.0,11,11.0,181.3956,160.6734,-20.722200000000015,0.0,21,21.0
detached,run_1093,0.1362,1.5795,1.4432999999999998,8.0,45.0,37.0,29.814,34.334,4.520000000000003,4.0,23,19.0,48.7182,50.6092,1.8909999999999982,0.0,7,7.0
detached,run_1177,0.1089,1.6612,1.5523,9.0,48.0,39.0,29.799,34.758,4.959000000000003,0.0,13,13.0,231.0306,190.493,-40.5376,0.0,8,8.0
detached,run_1199,0.0817,1.4978,1.4161000000000001,5.0,48.0,43.0,29.554,34.578,5.0240000000000045,1.0,14,13.0,69.141,56.2412,-12.899800000000006,0.0,7,7.0
detached,run_1288,0.1089,1.6068,1.4979,8.0,47.0,39.0,29.761,34.628,4.867000000000001,0.0,11,11.0,71.1274,62.2453,-8.882099999999994,0.0,8,8.0
detached,run_1292,0.1089,1.5251,1.4162,6.0,46.0,40.0,29.529,34.462,4.933000000000003,0.0,12,12.0,47.1313,42.1786,-4.9527,0.0,7,7.0
detached,run_1416,0.6536,1.9063,1.2527000000000001,15.0,50.0,35.0,30.814,34.697,3.8830000000000027,2.0,23,21.0,40.5198,39.8721,-0.6476999999999933,0.0,14,14.0
detached,run_1459,0.1089,1.5795,1.4706,7.0,47.0,40.0,29.664,34.606,4.942,0.0,11,11.0,96.9082,80.6288,-16.279399999999995,0.0,8,8.0
detached,run_1521,0.4357,1.9608,1.5251000000000001,12.0,55.0,43.0,30.532,35.336,4.8039999999999985,0.0,15,15.0,276.7888,228.0701,-48.718699999999984,0.0,20,20.0
detached,run_1694,1.3617,4.3028,2.9411000000000005,22.0,62.0,40.0,31.429,35.821,4.3919999999999995,29.0,79,50.0,271.2445,249.1737,-22.07080000000002,0.0,46,46.0
detached,run_1770,0.5719,2.2331,1.6612,17.0,54.0,37.0,30.744,34.977,4.232999999999997,3.0,32,29.0,48.2592,41.1005,-7.158700000000003,0.0,17,17.0
detached,run_1963,0.0545,1.3889,1.3344,4.0,41.0,37.0,29.161,34.309,5.147999999999996,0.0,11,11.0,64.1073,66.3566,2.249300000000005,0.0,5,5.0
semi,run_0252,0.2179,1.6068,1.3889,11.0,48.0,37.0,30.102,34.809,4.706999999999997,0.0,11,11.0,152.8165,132.0619,-20.754599999999982,0.0,9,9.0
semi,run_0301,0.0,1.3617,1.3617,2.0,40.0,38.0,28.909,34.15,5.241,0.0,12,12.0,33.4356,29.1362,-4.299400000000002,0.0,5,5.0
semi,run_0322,0.1089,1.6068,1.4979,6.0,49.0,43.0,29.635,34.568,4.932999999999996,1.0,13,12.0,46.9062,44.0201,-2.886099999999999,0.0,7,7.0
semi,run_0345,0.0545,1.4434,1.3889,4.0,41.0,37.0,29.178,34.351,5.172999999999998,0.0,8,8.0,84.8164,69.7279,-15.088499999999996,0.0,5,5.0
semi,run_0492,1.3344,2.1786,0.8441999999999998,22.0,59.0,37.0,31.458,35.379,3.9209999999999994,12.0,27,15.0,88.8786,74.541,-14.337600000000009,0.0,27,27.0
semi,run_0628,0.0817,1.4978,1.4161000000000001,5.0,43.0,38.0,29.515,34.468,4.953000000000003,0.0,7,7.0,66.3968,63.0612,-3.3355999999999995,0.0,6,6.0
semi,run_0724,0.1906,1.9063,1.7157,8.0,50.0,42.0,29.843,34.722,4.879000000000001,0.0,20,20.0,88.77,76.1562,-12.613799999999998,0.0,8,8.0
semi,run_0903,0.2996,1.6612,1.3616000000000001,11.0,48.0,37.0,30.27,34.909,4.638999999999999,0.0,10,10.0,104.291,92.6296,-11.6614,0.0,10,10.0
semi,run_0982,0.3268,1.6885,1.3617,11.0,50.0,39.0,30.461,35.022,4.561,0.0,11,11.0,114.966,105.6636,-9.302399999999992,0.0,13,13.0
semi,run_1093,0.1089,1.4706,1.3617,6.0,43.0,37.0,29.414,34.112,4.698,5.0,23,18.0,38.4356,39.7999,1.3643,0.0,6,6.0
semi,run_1177,0.1089,1.4978,1.3889,8.0,45.0,37.0,29.682,34.565,4.882999999999999,0.0,10,10.0,171.6424,139.918,-31.724400000000003,0.0,7,7.0
semi,run_1199,0.0817,1.4434,1.3617,5.0,44.0,39.0,29.518,34.461,4.942999999999998,1.0,15,14.0,52.8377,44.3952,-8.442499999999995,0.0,6,6.0
semi,run_1288,0.0817,1.5251,1.4434,5.0,44.0,39.0,29.614,34.434,4.819999999999997,0.0,11,11.0,54.8556,46.1063,-8.749300000000005,0.0,7,7.0
semi,run_1292,0.0545,1.5251,1.4706,5.0,45.0,40.0,29.386,34.375,4.989000000000001,0.0,14,14.0,35.1477,30.279,-4.8687000000000005,0.0,5,5.0
semi,run_1416,0.2451,1.6612,1.4161,10.0,47.0,37.0,29.995,34.181,4.185999999999996,5.0,24,19.0,33.8143,32.5983,-1.216000000000001,0.0,6,6.0
semi,run_1459,0.0,1.4161,1.4161,4.0,41.0,37.0,29.047,34.289,5.242000000000001,0.0,10,10.0,59.3303,49.777,-9.5533,0.0,5,5.0
semi,run_1521,0.2723,1.6612,1.3889,11.0,48.0,37.0,30.167,34.876,4.708999999999996,0.0,11,11.0,181.304,143.4841,-37.81989999999999,0.0,12,12.0
semi,run_1694,0.817,3.159,2.3419999999999996,17.0,54.0,37.0,30.953,35.297,4.343999999999998,12.0,52,40.0,179.6841,171.6548,-8.029300000000006,0.0,25,25.0
semi,run_1770,0.5174,1.7702,1.2528000000000001,13.0,50.0,37.0,30.333,34.513,4.18,4.0,22,18.0,28.8784,24.9524,-3.9259999999999984,0.0,9,9.0
semi,run_1963,0.0,1.3344,1.3344,4.0,40.0,36.0,29.106,34.167,5.061,0.0,11,11.0,50.6548,52.9191,2.2642999999999986,0.0,5,5.0
