width,length,height,orientation,wwr,wallInsulationThickness,roofInsulationThickness,slabInsulationThickness,u_windows,g_value,roofAbsorptance,flowCoefficient,wof,fixedShadingDepth,run_id,archetype,status,weather_sha256,idf_sha256,occupancy_minimum,severe_errors,warnings,summer_hours,annual_night_hours,summer_night_hours,He_all_101,He_occupied_101,He_offset_101,We_101,We_halfup_101,C3_hours_101,two_of_three_proxy_101,He_all_102,He_occupied_102,He_offset_102,We_102,We_halfup_102,C3_hours_102,two_of_three_proxy_102,hours_gt26_night,hours_gt26_night_annual,night_outside_summer,He_worst,We_max_worst,T_op_peak,hours_C3_worst,two_of_three_proxy_dwelling,heat_kWh_m2,cooling_kWh,csv_sha256,sim_sec
7.728324765414289,7.900546847222396,2.450985383271974,36.89703157338402,0.3298789786897008,0.0839261650847409,0.2427979170337751,0.0167644442710598,1.7067205769122402,0.4401019557637795,0.7808536666069544,0.0082803302954162,0.7244389215770365,0.5427279509542589,run_0252,detached,ok,f31a17333556b5e7ac80078ae88c99f08af5269d75a4603c4f0b36336349361c,fc46a0035c6cceb786016378632c1d3726141dc9bec4b5d95b86ebdb48a8afb2,0.3,0,9,3672,3285,1377,1.5522875816993464,1.5522875816993464,0.0,42.0,42.0,5,True,1.8518518518518516,1.8518518518518516,0.0,51.0,51.0,16,True,15,16,1,1.8519,51.0,35.149,16,True,219.1952,0.0,164db22c96c0e49206a23c9e58244604368be0a8cee2be4763e8095a8423e503,2.976
8.708864899426903,8.282443427431105,2.4984963043017254,173.32718961194138,0.1514536158111578,0.127930743588105,0.3086954689452305,0.0596836610086811,2.9202976279263693,0.5257117966839869,0.7997344766000642,0.0038386998735785,0.4980888783689823,0.8504117711734855,run_0301,detached,ok,f31a17333556b5e7ac80078ae88c99f08af5269d75a4603c4f0b36336349361c,2489364faae761f5329f7c190e9d015961f29d108ff5c9e40cd168fc4f4aba0a,0.3,0,9,3672,3285,1377,1.1165577342047932,1.1165577342047932,0.0,34.0,34.0,2,True,1.4978213507625273,1.4978213507625273,0.0,43.0,43.0,5,True,12,12,0,1.4978,43.0,34.355,5,True,41.9979,0.0,ee76c4979ebb3bc8a11d962ed87922bf8f9aff6eb96a102cabf1ab5997352f5f,2.976
6.546487385771059,7.133035797959573,2.6935233038128295,234.62716856742745,0.2362183859381175,0.1755723078348798,0.1728564322611587,0.0184264696314333,3.1825944485669355,0.395175364437812,0.7965710438752815,0.0100186510378629,0.2641203288400297,0.678793100095058,run_0322,detached,ok,f31a17333556b5e7ac80078ae88c99f08af5269d75a4603c4f0b36336349361c,3f3a5d51f841f3bd67ebad78fa4ea9bbf619e489c5d62acda5c5bb47f13a946a,0.3,0,9,3672,3285,1377,1.3344226579520697,1.3344226579520697,0.0,37.0,37.0,3,True,1.661220043572985,1.661220043572985,0.0,50.0,50.0,9,True,12,12,0,1.6612,50.0,34.73,9,True,62.1934,0.0,f441c2331b383c6afc65946a342818dd4909d1801556263bd68ca1ca00903578,3.005
9.818812773617363,8.411101888969938,2.724395313084402,143.32677368243472,0.3065001680831829,0.2423151505600839,0.3082255244272774,0.198858978396828,1.9652417613774729,0.2109609979130431,0.7221363212901157,0.0026806626006377,0.7453037739078104,0.0632854624420065,run_0345,detached,ok,f31a17333556b5e7ac80078ae88c99f08af5269d75a4603c4f0b36336349361c,534f20c847f58e73d40eefcdc1aa1c11ad2140371b36f367e0819790ce1fd0f9,0.3,0,9,3672,3285,1377,1.2254901960784315,1.2254901960784315,0.0,36.0,36.0,3,True,1.5250544662309369,1.5250544662309369,0.0,44.0,44.0,7,True,9,9,0,1.5251,44.0,34.555,7,True,91.887,0.0,c62b842c9e744f791933e144c5cb6e11c4e38ed70a1b101fd6cb710feb187302,3.005
8.550782772522515,11.776115421222215,2.699213296519177,334.2020798495306,0.3999904372395374,0.0206995492983702,0.0607249068429463,0.0682232294671505,1.1214548050257498,0.6419965380885064,0.7204194426782291,0.0073087888941234,0.247223981405377,0.2972364509554138,run_0492,detached,ok,f31a17333556b5e7ac80078ae88c99f08af5269d75a4603c4f0b36336349361c,2347d1ba3fe853b66921c6e6b65f1c9b2a6eea9989a111ff62ee96478d9cfafc,0.3,0,9,3672,3285,1377,2.369281045751634,2.369281045751634,0.0,57.0,57.0,19,True,2.886710239651416,2.886710239651416,0.0,66.0,66.0,38,True,44,48,4,2.8867,66.0,36.01,38,True,115.8388,0.0,69d49c869635035eaa05f39414ec7e2e1eef32b3212c177dace02050394b0e33,2.809
9.72733840356107,7.8427669792229615,2.5924321527735392,359.8933269015914,0.3529783862372112,0.0761779621335445,0.3273904561993191,0.0824461595128538,3.4708268892998255,0.3251799736172571,0.3503616556392233,0.0015213312741712,0.7206263247604744,0.7182250817689112,run_0628,detached,ok,f31a17333556b5e7ac80078ae88c99f08af5269d75a4603c4f0b36336349361c,930201136cb82218ccda8cd4d6bb29c04751061b18cbb140bb329f7312c240df,0.3,0,9,3672,3285,1377,1.3888888888888888,1.3888888888888888,0.0,38.0,38.0,4,True,1.6067538126361656,1.6067538126361656,0.0,48.0,48.0,8,True,9,9,0,1.6068,48.0,34.728,8,True,93.8262,0.0,f2fdb46558afd0c66cac81c756b87252b34ba44e3bc179a11579ed5c715f2470,2.649
7.386528980937175,7.257955976811397,2.483591344228036,222.83166687091537,0.1883488202965156,0.2685603180319465,0.2742227469287466,0.1704419118596324,2.4012110424250577,0.6997697916760687,0.5591974557406433,0.0031611912105262,0.4505540342735953,0.6196620170466225,run_0724,detached,ok,f31a17333556b5e7ac80078ae88c99f08af5269d75a4603c4f0b36336349361c,3564ab8aa643c0977660472277bcf76b0042589eae73ff952102e4da4f4faf26,0.3,0,9,3672,3285,1377,1.5522875816993464,1.5522875816993464,0.0,42.0,42.0,5,True,1.9335511982570806,1.9335511982570806,0.0,50.0,50.0,10,True,19,21,2,1.9336,50.0,34.903,10,True,103.5513,0.0,9dc7988cb0cbb50125f71ef86b818925409d3bd2a134a5ff8a8d2bfff6050955,2.882
8.069352445456408,6.8331554732709625,2.647375410761813,60.85891632925521,0.2913796944310318,0.1936679091334804,0.2506812511804581,0.1889394219872099,4.999719653319842,0.5665598010965244,0.7580689597822247,0.0063258410584851,0.5262063013862959,0.7412639050015711,run_0903,detached,ok,f31a17333556b5e7ac80078ae88c99f08af5269d75a4603c4f0b36336349361c,2a5ef32c1abb184d1ccb9950e5d41bba4773f8b2d13895cb8761c3c99d9e3e76,0.3,0,9,3672,3285,1377,1.6339869281045754,1.6339869281045754,0.0,44.0,44.0,7,True,1.7429193899782136,1.7429193899782136,0.0,53.0,53.0,16,True,12,12,0,1.7429,53.0,35.181,16,True,130.8787,0.0,fead4443a73cb532cf811f8d7fb11254ec334543dee76f41a21f25720a7a96ba,2.79
8.04966292777575,8.320270032858687,2.8738137781433606,56.96579167668833,0.389516413328009,0.2367665120627314,0.0751657944929642,0.1480477499645993,3.838827232042653,0.3826435187313243,0.8498422068054479,0.0070586881877691,0.6510903417441015,0.4952402153109187,run_0982,detached,ok,f31a17333556b5e7ac80078ae88c99f08af5269d75a4603c4f0b36336349361c,2bedb124b89f2234a6b1d41714a40d8b605c6ed9dfb11d8f9133eeb1ffa2244d,0.3,0,9,3672,3285,1377,1.6339869281045754,1.6339869281045754,0.0,44.0,44.0,7,True,1.770152505446623,1.770152505446623,0.0,54.0,54.0,21,True,11,11,0,1.7702,54.0,35.35,21,True,160.6734,0.0,c6e41b53f9c49e1d1303a649b96fab4165803c5f0427ed5fed7d7ef40472e020,2.742
8.002380628505447,10.166259736812894,2.8796333119979427,171.23898423952662,0.100090185215434,0.0543938555226989,0.0270087812313298,0.0755226196018769,1.8235443611211988,0.386033384594613,0.8407906551118343,0.0050274494110316,0.354654458456868,0.9837284633011107,run_1093,detached,ok,f31a17333556b5e7ac80078ae88c99f08af5269d75a4603c4f0b36336349361c,3725d09ec3b38073f52e44dd80cccf8a06eccbd3a6fc09671bb9d96bb13e50f3,0.3,0,9,3672,3285,1377,1.0893246187363834,1.0893246187363834,0.0,32.0,32.0,0,False,1.579520697167756,1.579520697167756,0.0,45.0,45.0,7,True,23,23,0,1.5795,45.0,34.334,7,True,50.6092,0.0,2cc42f8f21cd60443255bc5fe8a36a2a9b91fcc4c735038a4852dea31323b3d0,2.682
6.652517257239195,7.039905917028194,2.430056721595718,320.6116974584489,0.2520150691270842,0.2814083685666984,0.2154548387340331,0.1670400369123333,1.1871983768563834,0.3550040297498047,0.5281491611110827,0.0093084348359379,0.7585388239444807,0.5569770464909073,run_1177,detached,ok,f31a17333556b5e7ac80078ae88c99f08af5269d75a4603c4f0b36336349361c,f996d8e86c6b70e36c0f201dabdbfb17cc8ddfa709d4bfe90995f019fe946e3f,0.3,0,9,3672,3285,1377,1.4705882352941175,1.4705882352941175,0.0,39.0,39.0,5,True,1.661220043572985,1.661220043572985,0.0,48.0,48.0,8,True,13,13,0,1.6612,48.0,34.758,8,True,190.493,0.0,ff8bcb684cd9dba6ea480ee9572f64508ada78a98c477cc066d55b79f2037c09,2.809
8.893313295309667,6.752916196560016,2.775376919971335,90.13627347871588,0.1083033134047148,0.1785539237225437,0.0601924888116002,0.0886989224971885,1.0127404186376616,0.4736069389205135,0.8365327423703692,0.0052546015723922,0.7998494879171348,0.7537545170074853,run_1199,detached,ok,f31a17333556b5e7ac80078ae88c99f08af5269d75a4603c4f0b36336349361c,ec4815b8036738db9c9221d53e3f410f9a881ba0dfe5676ce69b94e5839e87d6,0.3,0,9,3672,3285,1377,1.171023965141612,1.171023965141612,0.0,36.0,36.0,3,True,1.4978213507625273,1.4978213507625273,0.0,48.0,48.0,7,True,14,14,0,1.4978,48.0,34.578,7,True,56.2412,0.0,877fc09260393e9e76e0a9eeb00864b2f1a0a6438e5a166ac1c9db85072b544d,2.761
9.723541347497385,7.8782659424348065,2.4532724457727424,316.7999002503301,0.2320685066389975,0.2179838985494419,0.1823212284551036,0.1713536464923453,4.2480023282974795,0.5327682966101734,0.4858303935627224,0.0100405065784441,0.479785399484229,0.8899395432638165,run_1288,detached,ok,f31a17333556b5e7ac80078ae88c99f08af5269d75a4603c4f0b36336349361c,6330c961cd9f56fd2cb88cb5bd1ccac13dac0b7bb65c1b4e8e8a575880c2f13e,0.3,0,9,3672,3285,1377,1.3616557734204793,1.3616557734204793,0.0,38.0,38.0,4,True,1.6067538126361656,1.6067538126361656,0.0,47.0,47.0,8,True,11,11,0,1.6068,47.0,34.628,8,True,62.2453,0.0,c849b3e812459c46993ed00a6fe8446dae09829e36b567291649572110f7aa38,2.72
9.311160251216748,9.010886526887692,2.8059736993930846,250.08654138116952,0.1966983892600349,0.2023573102148048,0.1784961376392762,0.1055579985238334,3.073817936748112,0.3571156174295993,0.7773654518543165,0.0077956952344356,0.3648158265201449,0.3281747419232347,run_1292,detached,ok,f31a17333556b5e7ac80078ae88c99f08af5269d75a4603c4f0b36336349361c,42acba79263c15d5312fcc628c2e9e38e6193a3d7517bac1e6416543db9ad11b,0.3,0,9,3672,3285,1377,1.1982570806100217,1.1982570806100217,0.0,35.0,35.0,3,True,1.5250544662309369,1.5250544662309369,0.0,46.0,46.0,7,True,12,12,0,1.5251,46.0,34.462,7,True,42.1786,0.0,03aaa19e487863d09b42ffae17a4e0c0b2c68673f35fd89d0b73ff9bd417e4ce,2.698
7.611423563474337,8.698251521688531,2.426406411760429,121.28644403903304,0.2515937716162215,0.0800541981528088,0.2307818781610998,0.0347059324643584,3.835273389438587,0.5544241075079898,0.5745584674183433,0.0058908240493479,0.1000232333706224,0.4592619165338935,run_1416,detached,ok,f31a17333556b5e7ac80078ae88c99f08af5269d75a4603c4f0b36336349361c,be81cbd0b509278a93ebdffd770829a28eeaa1afd5647cd269e000db2fb12ce1,0.3,0,9,3672,3285,1377,1.5250544662309369,1.5250544662309369,0.0,37.0,37.0,3,True,1.906318082788671,1.906318082788671,0.0,50.0,50.0,14,True,23,23,0,1.9063,50.0,34.697,14,True,39.8721,0.0,d10e8e11c49303ebc2bf414d483bcd9a07b28976c1e2461e840283f46cc78b98,2.654
7.236401267742309,10.761432833414853,2.595114795767093,173.1533876805585,0.2538553378509803,0.2907376871369805,0.2642606195669688,0.179205444645551,1.7714924901456963,0.3718738181360481,0.4599412222673487,0.0069193088275323,0.4876678746040495,0.6814886848569792,run_1459,detached,ok,f31a17333556b5e7ac80078ae88c99f08af5269d75a4603c4f0b36336349361c,c6129fc7e54d62ead087fc2410c8dfa070390c67e2faa74d6129b15cecbe5eef,0.3,0,9,3672,3285,1377,1.3071895424836601,1.3071895424836601,0.0,37.0,37.0,3,True,1.579520697167756,1.579520697167756,0.0,47.0,47.0,8,True,11,11,0,1.5795,47.0,34.606,8,True,80.6288,0.0,e7fbd28ff55f8869c38f581e00a0057ee4cc832dcd5f9b3b256dffc31080dc55,2.768
9.012734726045109,9.28296620531424,2.915879467533671,0.136299530314857,0.3824926050117646,0.1021758966296917,0.2940879731173014,0.1904610869987471,1.664067808950167,0.4572585928006668,0.8515223334861499,0.0062513542391962,0.5638087322452537,0.6878542590040975,run_1521,detached,ok,f31a17333556b5e7ac80078ae88c99f08af5269d75a4603c4f0b36336349361c,7976d3c39796cfec7283d830b4b13450addb24b6e3fa22bf11740df7c4896c99,0.3,0,9,3672,3285,1377,1.6339869281045754,1.6339869281045754,0.0,46.0,46.0,7,True,1.9607843137254901,1.9607843137254901,0.0,55.0,55.0,20,True,15,16,1,1.9608,55.0,35.336,20,True,228.0701,0.0,521e6362af0a8acc9d76690cd08b3cdf49ceab2636369d71f1bb03d218b27d4e,2.812
8.351658243881815,7.125307601152968,2.886815540675342,34.29157447677939,0.29971981465989,0.1822657980243724,0.3195635096600129,0.1069454678273559,0.8000879389100216,0.6681996637949843,0.8110206344094579,0.0021601501628418,0.3459579586874697,0.486465392530208,run_1694,detached,ok,f31a17333556b5e7ac80078ae88c99f08af5269d75a4603c4f0b36336349361c,c54f82580844de30d3bfdfa9894d03d3c0b25bdb21b8023e4d80ee7fd8a95d06,0.3,0,9,3672,3285,1377,2.8594771241830066,2.8594771241830066,0.0,51.0,51.0,15,True,4.302832244008715,4.302832244008715,0.0,62.0,62.0,46,True,79,215,136,4.3028,62.0,35.821,46,True,249.1737,0.0,7bf448591d9563dab3bafbc2661e8d29a9d8e3d848ecadc1023733fea0f0e121,2.968
7.282827090510465,8.870270722444472,2.714551720446629,331.499767958265,0.2313066060194365,0.189254972742753,0.1252058675282193,0.0635663282623743,1.3683529447291485,0.5885604612790503,0.7161638754838029,0.0029206794697349,0.1668588996555313,0.6155876085923071,run_1770,detached,ok,f31a17333556b5e7ac80078ae88c99f08af5269d75a4603c4f0b36336349361c,674fbbe6ee0701a0be5bc25559037ab4ae61f79792414d0fb98e8b641c69e215,0.3,0,9,3672,3285,1377,1.6067538126361656,1.6067538126361656,0.0,45.0,45.0,5,True,2.2331154684095864,2.2331154684095864,0.0,54.0,54.0,17,True,32,35,3,2.2331,54.0,34.977,17,True,41.1005,0.0,a4e72e615a90f9fded6a3cfe6a754f276aaa8f7c0d0024e7b1876d93064c7763,2.833
6.641953813714984,7.352596569572591,2.8409118538294895,311.418801144284,0.170087937049117,0.1566504635213961,0.0253002033452589,0.1320817569047198,2.13600292879164,0.2001901435777298,0.3586787022330703,0.0110131438891078,0.5603943727692544,0.2553125948042875,run_1963,detached,ok,f31a17333556b5e7ac80078ae88c99f08af5269d75a4603c4f0b36336349361c,b4795bb84bc8cabec6e30123af059c3204dc0dab13bdba4224a6aa620f86dabf,0.3,0,9,3672,3285,1377,1.171023965141612,1.171023965141612,0.0,37.0,37.0,3,True,1.3888888888888888,1.3888888888888888,0.0,41.0,41.0,5,True,11,11,0,1.3889,41.0,34.309,5,True,66.3566,0.0,ff61b176e232167333dfb5228993c7b44042cd6d3a4f897717fef29fb29d21bc,2.633
7.728324765414289,7.900546847222396,2.450985383271974,36.89703157338402,0.3298789786897008,0.0839261650847409,0.2427979170337751,0.0167644442710598,1.7067205769122402,0.4401019557637795,0.7808536666069544,0.0082803302954162,0.7244389215770365,0.5427279509542589,run_0252,semi,ok,f31a17333556b5e7ac80078ae88c99f08af5269d75a4603c4f0b36336349361c,d06a68725e998591601f2bea766634b801839856db5bda68f686fb0129f3159c,0.3,0,9,3672,3285,1377,1.3071895424836601,1.3071895424836601,0.0,37.0,37.0,3,True,1.6067538126361656,1.6067538126361656,0.0,48.0,48.0,9,True,11,11,0,1.6068,48.0,34.809,9,True,132.0619,0.0,61cdb761e8180df3f132cf84074f3b2986ec32ad890c1e7f89a0ce4de89e5434,2.663
8.708864899426903,8.282443427431105,2.4984963043017254,173.32718961194138,0.1514536158111578,0.127930743588105,0.3086954689452305,0.0596836610086811,2.9202976279263693,0.5257117966839869,0.7997344766000642,0.0038386998735785,0.4980888783689823,0.8504117711734855,run_0301,semi,ok,f31a17333556b5e7ac80078ae88c99f08af5269d75a4603c4f0b36336349361c,8f6a9e1c7064b4351c4014a86ef2736ffe77d4f01f6822882008e7d06b893c61,0.3,0,9,3672,3285,1377,1.0348583877995643,1.0348583877995643,0.0,31.0,31.0,1,True,1.3616557734204793,1.3616557734204793,0.0,40.0,40.0,5,True,12,12,0,1.3617,40.0,34.15,5,True,29.1362,0.0,bdfa70e7ec1aa6715d5ef4a039716a6c55567d6d8cc3eff26cd248fe36f440c8,2.655
6.546487385771059,7.133035797959573,2.6935233038128295,234.62716856742745,0.2362183859381175,0.1755723078348798,0.1728564322611587,0.0184264696314333,3.1825944485669355,0.395175364437812,0.7965710438752815,0.0100186510378629,0.2641203288400297,0.678793100095058,run_0322,semi,ok,f31a17333556b5e7ac80078ae88c99f08af5269d75a4603c4f0b36336349361c,71dce8494a8e001c9dfbfd5278e847d64b90239599ef8f525a5b4f8b3d2e89ea,0.3,0,9,3672,3285,1377,1.252723311546841,1.252723311546841,0.0,36.0,36.0,3,True,1.6067538126361656,1.6067538126361656,0.0,49.0,49.0,7,True,13,13,0,1.6068,49.0,34.568,7,True,44.0201,0.0,abfcd96c53de1c0de4940ed693f6ae3f4752daa904ec18f18b42e65525b02a6d,2.659
9.818812773617363,8.411101888969938,2.724395313084402,143.32677368243472,0.3065001680831829,0.2423151505600839,0.3082255244272774,0.198858978396828,1.9652417613774729,0.2109609979130431,0.7221363212901157,0.0026806626006377,0.7453037739078104,0.0632854624420065,run_0345,semi,ok,f31a17333556b5e7ac80078ae88c99f08af5269d75a4603c4f0b36336349361c,a059a9f94c2a4f200fff3479aae38c12556e62a683e12c9f5ff40bdb9d5ac722,0.3,0,9,3672,3285,1377,1.1437908496732025,1.1437908496732025,0.0,36.0,36.0,3,True,1.443355119825708,1.443355119825708,0.0,41.0,41.0,5,True,8,8,0,1.4434,41.0,34.351,5,True,69.7279,0.0,f171dcb3b3ca1fc130c8533edffcf3a1e90236b1be7b2d9c125efde493d78d22,2.68
8.550782772522515,11.776115421222215,2.699213296519177,334.2020798495306,0.3999904372395374,0.0206995492983702,0.0607249068429463,0.0682232294671505,1.1214548050257498,0.6419965380885064,0.7204194426782291,0.0073087888941234,0.247223981405377,0.2972364509554138,run_0492,semi,ok,f31a17333556b5e7ac80078ae88c99f08af5269d75a4603c4f0b36336349361c,4e3bd47a48ee92984d9726250583be8d516fb4c2dbba8ef09a332798f8b4db75,0.3,0,9,3672,3285,1377,1.7973856209150325,1.7973856209150325,0.0,48.0,48.0,7,True,2.178649237472767,2.178649237472767,0.0,59.0,59.0,27,True,27,30,3,2.1786,59.0,35.379,27,True,74.541,0.0,26214534a71cd82c15e00306f913f901a166882c797bda0c7763d1fce6fff465,2.744
9.72733840356107,7.8427669792229615,2.5924321527735392,359.8933269015914,0.3529783862372112,0.0761779621335445,0.3273904561993191,0.0824461595128538,3.4708268892998255,0.3251799736172571,0.3503616556392233,0.0015213312741712,0.7206263247604744,0.7182250817689112,run_0628,semi,ok,f31a17333556b5e7ac80078ae88c99f08af5269d75a4603c4f0b36336349361c,e379a214e07f629c782a05e85478ea6b5bfc2e150cd04645087c5a12eedbdb4a,0.3,0,9,3672,3285,1377,1.171023965141612,1.171023965141612,0.0,36.0,36.0,2,True,1.4978213507625273,1.4978213507625273,0.0,43.0,43.0,6,True,7,7,0,1.4978,43.0,34.468,6,True,63.0612,0.0,b187931b6033334088ab718858455a9a210ff1dd2a7368fe042846e667b446c1,2.655
7.386528980937175,7.257955976811397,2.483591344228036,222.83166687091537,0.1883488202965156,0.2685603180319465,0.2742227469287466,0.1704419118596324,2.4012110424250577,0.6997697916760687,0.5591974557406433,0.0031611912105262,0.4505540342735953,0.6196620170466225,run_0724,semi,ok,f31a17333556b5e7ac80078ae88c99f08af5269d75a4603c4f0b36336349361c,dce329f736a7e885de25589c9bb564e06fcdbe8b8497c0b499097a5f2241abd4,0.3,0,9,3672,3285,1377,1.4978213507625273,1.4978213507625273,0.0,38.0,38.0,4,True,1.906318082788671,1.906318082788671,0.0,50.0,50.0,8,True,20,22,2,1.9063,50.0,34.722,8,True,76.1562,0.0,a8756b22ea62d19ea54171c7bbf602bd80792f429c9ed475b93bca43b94c34a7,2.857
8.069352445456408,6.8331554732709625,2.647375410761813,60.85891632925521,0.2913796944310318,0.1936679091334804,0.2506812511804581,0.1889394219872099,4.999719653319842,0.5665598010965244,0.7580689597822247,0.0063258410584851,0.5262063013862959,0.7412639050015711,run_0903,semi,ok,f31a17333556b5e7ac80078ae88c99f08af5269d75a4603c4f0b36336349361c,14f41e390eaed64f12731ee45d7fa747de4ed2c7957e58c250b63ae3c99c70f7,0.3,0,9,3672,3285,1377,1.443355119825708,1.443355119825708,0.0,40.0,40.0,5,True,1.661220043572985,1.661220043572985,0.0,48.0,48.0,10,True,10,10,0,1.6612,48.0,34.909,10,True,92.6296,0.0,c57917991c9ff909aaf38ed396383b653dea803562138040b066b2821f090433,2.771
8.04966292777575,8.320270032858687,2.8738137781433606,56.96579167668833,0.389516413328009,0.2367665120627314,0.0751657944929642,0.1480477499645993,3.838827232042653,0.3826435187313243,0.8498422068054479,0.0070586881877691,0.6510903417441015,0.4952402153109187,run_0982,semi,ok,f31a17333556b5e7ac80078ae88c99f08af5269d75a4603c4f0b36336349361c,820ad9a7b1b9ff51103f7300c3f3ad5ce0e2ddf497ed654486461f5949f0e547,0.3,0,9,3672,3285,1377,1.3888888888888888,1.3888888888888888,0.0,40.0,40.0,5,True,1.6884531590413945,1.6884531590413945,0.0,50.0,50.0,13,True,11,11,0,1.6885,50.0,35.022,13,True,105.6636,0.0,866a9f2ee700a96840b122d85fa4a05468f05927fdff04e3907bcc9ba8fd3800,2.723
8.002380628505447,10.166259736812894,2.8796333119979427,171.23898423952662,0.100090185215434,0.0543938555226989,0.0270087812313298,0.0755226196018769,1.8235443611211988,0.386033384594613,0.8407906551118343,0.0050274494110316,0.354654458456868,0.9837284633011107,run_1093,semi,ok,f31a17333556b5e7ac80078ae88c99f08af5269d75a4603c4f0b36336349361c,9b21a66125128e28b5a54ad812d5654e6ada2fb997029b5dd61859324990d9cb,0.3,0,9,3672,3285,1377,0.8442265795206972,0.8442265795206972,0.0,28.0,28.0,0,False,1.4705882352941175,1.4705882352941175,0.0,43.0,43.0,6,True,23,23,0,1.4706,43.0,34.112,6,True,39.7999,0.0,4836ec106353d4213b496e9e267bf20cdecaf099e635b99e6e13b0153af7ecdf,2.59
6.652517257239195,7.039905917028194,2.430056721595718,320.6116974584489,0.2520150691270842,0.2814083685666984,0.2154548387340331,0.1670400369123333,1.1871983768563834,0.3550040297498047,0.5281491611110827,0.0093084348359379,0.7585388239444807,0.5569770464909073,run_1177,semi,ok,f31a17333556b5e7ac80078ae88c99f08af5269d75a4603c4f0b36336349361c,de4d4e2431e62760921accc45de457ab70a3f7d204ce8fdcfa923ac7034de498,0.3,0,9,3672,3285,1377,1.252723311546841,1.252723311546841,0.0,37.0,37.0,3,True,1.4978213507625273,1.4978213507625273,0.0,45.0,45.0,7,True,10,10,0,1.4978,45.0,34.565,7,True,139.918,0.0,178050a5cf0b89208c521c687223fd55d3da9916aa761e8d7ef1ad83d904c4ef,2.751
8.893313295309667,6.752916196560016,2.775376919971335,90.13627347871588,0.1083033134047148,0.1785539237225437,0.0601924888116002,0.0886989224971885,1.0127404186376616,0.4736069389205135,0.8365327423703692,0.0052546015723922,0.7998494879171348,0.7537545170074853,run_1199,semi,ok,f31a17333556b5e7ac80078ae88c99f08af5269d75a4603c4f0b36336349361c,3061c2671c41017cc059be5d1024ba67e7d92b07c344a5c63968d4d299d222da,0.3,0,9,3672,3285,1377,1.1437908496732025,1.1437908496732025,0.0,35.0,35.0,2,True,1.443355119825708,1.443355119825708,0.0,44.0,44.0,6,True,15,15,0,1.4434,44.0,34.461,6,True,44.3952,0.0,bc1e96de99211c4c869c31248dc1c20e87008a985842e156672b1ef5af70ca16,2.65
9.723541347497385,7.8782659424348065,2.4532724457727424,316.7999002503301,0.2320685066389975,0.2179838985494419,0.1823212284551036,0.1713536464923453,4.2480023282974795,0.5327682966101734,0.4858303935627224,0.0100405065784441,0.479785399484229,0.8899395432638165,run_1288,semi,ok,f31a17333556b5e7ac80078ae88c99f08af5269d75a4603c4f0b36336349361c,fa9e5b366307f9461369018702c9b8286978ed592721fc0956c9be7c3a6974d2,0.3,0,9,3672,3285,1377,1.252723311546841,1.252723311546841,0.0,36.0,36.0,3,True,1.5250544662309369,1.5250544662309369,0.0,44.0,44.0,7,True,11,11,0,1.5251,44.0,34.434,7,True,46.1063,0.0,e65006387476bf406f6db506c96a847d47d3a5264095681a2b7085d9819b36c9,2.754
9.311160251216748,9.010886526887692,2.8059736993930846,250.08654138116952,0.1966983892600349,0.2023573102148048,0.1784961376392762,0.1055579985238334,3.073817936748112,0.3571156174295993,0.7773654518543165,0.0077956952344356,0.3648158265201449,0.3281747419232347,run_1292,semi,ok,f31a17333556b5e7ac80078ae88c99f08af5269d75a4603c4f0b36336349361c,a24c2e0dd89a1a4ae49ba40291c1af13db6b9747fc84962e24efcfc5367ba1bc,0.3,0,9,3672,3285,1377,1.1165577342047932,1.1165577342047932,0.0,34.0,34.0,2,True,1.5250544662309369,1.5250544662309369,0.0,45.0,45.0,5,True,14,14,0,1.5251,45.0,34.375,5,True,30.279,0.0,cb22662dad5bcbee42df81c6042174a914165aae1fe66994207e8d3486ab6d92,2.722
7.611423563474337,8.698251521688531,2.426406411760429,121.28644403903304,0.2515937716162215,0.0800541981528088,0.2307818781610998,0.0347059324643584,3.835273389438587,0.5544241075079898,0.5745584674183433,0.0058908240493479,0.1000232333706224,0.4592619165338935,run_1416,semi,ok,f31a17333556b5e7ac80078ae88c99f08af5269d75a4603c4f0b36336349361c,67513ca85e059c350f24ca68d0a9ee3a9abb053816d8ba52ee226a6e25c41cde,0.3,0,9,3672,3285,1377,1.252723311546841,1.252723311546841,0.0,32.0,32.0,0,False,1.661220043572985,1.661220043572985,0.0,47.0,47.0,6,True,24,24,0,1.6612,47.0,34.181,6,True,32.5983,0.0,22727f0ab0d6eff4bb6d908b51ae5a1d7740634ecd71157eff9922d5ce3c187c,2.644
7.236401267742309,10.761432833414853,2.595114795767093,173.1533876805585,0.2538553378509803,0.2907376871369805,0.2642606195669688,0.179205444645551,1.7714924901456963,0.3718738181360481,0.4599412222673487,0.0069193088275323,0.4876678746040495,0.6814886848569792,run_1459,semi,ok,f31a17333556b5e7ac80078ae88c99f08af5269d75a4603c4f0b36336349361c,c65bbe15dfad0f099466428b319244d1f20dbd8304a80a4912c30f347f03812d,0.3,0,9,3672,3285,1377,1.1437908496732025,1.1437908496732025,0.0,35.0,35.0,2,True,1.4161220043572984,1.4161220043572984,0.0,41.0,41.0,5,True,10,10,0,1.4161,41.0,34.289,5,True,49.777,0.0,468d1a5492b50c72bf114ec7ba535a66469e29e0974b7c9a9e0144858f291288,2.779
9.012734726045109,9.28296620531424,2.915879467533671,0.136299530314857,0.3824926050117646,0.1021758966296917,0.2940879731173014,0.1904610869987471,1.664067808950167,0.4572585928006668,0.8515223334861499,0.0062513542391962,0.5638087322452537,0.6878542590040975,run_1521,semi,ok,f31a17333556b5e7ac80078ae88c99f08af5269d75a4603c4f0b36336349361c,bfef5bd562ecdab16adea278ba783112397e04896333b9c4863f5f3b47492177,0.3,0,9,3672,3285,1377,1.443355119825708,1.443355119825708,0.0,39.0,39.0,4,True,1.661220043572985,1.661220043572985,0.0,48.0,48.0,12,True,11,11,0,1.6612,48.0,34.876,12,True,143.4841,0.0,822be284240ce3e06f09dcbf758cf1947c4b0a76179fb8fc7355eae4829e602e,2.768
8.351658243881815,7.125307601152968,2.886815540675342,34.29157447677939,0.29971981465989,0.1822657980243724,0.3195635096600129,0.1069454678273559,0.8000879389100216,0.6681996637949843,0.8110206344094579,0.0021601501628418,0.3459579586874697,0.486465392530208,run_1694,semi,ok,f31a17333556b5e7ac80078ae88c99f08af5269d75a4603c4f0b36336349361c,f6292abb5f34f5ba01f933d3a84b7db02ed0d1c9e69777cb17e782b6550bb3fa,0.3,0,9,3672,3285,1377,2.0152505446623095,2.0152505446623095,0.0,43.0,43.0,7,True,3.159041394335512,3.159041394335512,0.0,54.0,54.0,25,True,52,140,88,3.159,54.0,35.297,25,True,171.6548,0.0,c0e8fc1b1e174a379ea1facef7645217ce193a2a5ae3a862d18cbf18a6799871,2.803
7.282827090510465,8.870270722444472,2.714551720446629,331.499767958265,0.2313066060194365,0.189254972742753,0.1252058675282193,0.0635663282623743,1.3683529447291485,0.5885604612790503,0.7161638754838029,0.0029206794697349,0.1668588996555313,0.6155876085923071,run_1770,semi,ok,f31a17333556b5e7ac80078ae88c99f08af5269d75a4603c4f0b36336349361c,2d9876f84d7cdfa367ab4cbe08272af0ba8d2a4dff842c3c7514f2373d40b075,0.3,0,9,3672,3285,1377,1.4161220043572984,1.4161220043572984,0.0,35.0,35.0,2,True,1.770152505446623,1.770152505446623,0.0,50.0,50.0,9,True,22,22,0,1.7702,50.0,34.513,9,True,24.9524,0.0,473399a8644b6fb40ff3cbd0d3b976315255bc8df128f4c450cfab92251439dc,2.693
6.641953813714984,7.352596569572591,2.8409118538294895,311.418801144284,0.170087937049117,0.1566504635213961,0.0253002033452589,0.1320817569047198,2.13600292879164,0.2001901435777298,0.3586787022330703,0.0110131438891078,0.5603943727692544,0.2553125948042875,run_1963,semi,ok,f31a17333556b5e7ac80078ae88c99f08af5269d75a4603c4f0b36336349361c,525f81e5804f54ad0389a946b6b10177aece42c2d0a54a3c338acfb59b2f4aea,0.3,0,9,3672,3285,1377,1.1437908496732025,1.1437908496732025,0.0,36.0,36.0,2,True,1.3344226579520697,1.3344226579520697,0.0,40.0,40.0,5,True,11,11,0,1.3344,40.0,34.167,5,True,52.9191,0.0,f6477ad640e2a069f9d6506add422c70cdca085e337fa5ddc200f01dc11eaebf,2.549
