archetype,metric,n,TMYx_mean,DSY1_mean,mean_DSY1_minus_TMYx,median_DSY1_minus_TMYx,increased,unchanged,decreased
detached,He_raw_pct,2000,0.167619825708061,1.5600081699346406,1.3923883442265796,1.3888888888888888,2000,0,0
detached,He_rounded_pct,2000,0.3776143790849673,1.8319308278867101,1.4543164488017428,1.4705882352941175,2000,0,0
detached,C3_hours_raw,2000,0.0,6.786,6.786,5.0,1969,31,0
detached,C3_hours_rounded,2000,0.0,3.7715,3.7715,3.0,1851,149,0
detached,T_op_peak_unchanged,2000,29.5524365,34.2155405,4.663104000000001,4.715,2000,0,0
detached,hours_gt26_night_unchanged,2000,1.381,18.2575,16.8765,16.0,2000,0,0
semi,He_raw_pct,2000,0.07776416122004358,1.4019607843137256,1.324196623093682,1.3344226579520697,2000,0,0
semi,He_rounded_pct,2000,0.2113289760348584,1.6705882352941175,1.4592592592592593,1.4705882352941175,2000,0,0
semi,C3_hours_raw,2000,0.0,4.2825,4.2825,4.0,1822,178,0
semi,C3_hours_rounded,2000,0.0,2.2155,2.2155,2.0,1508,492,0
semi,T_op_peak_unchanged,2000,29.1870125,33.802324999999996,4.6153125,4.676499999999999,2000,0,0
semi,hours_gt26_night_unchanged,2000,0.9815,17.659,16.6775,16.0,2000,0,0
