archetype,model,target,R2_mean_rounded,R2_std_rounded,MAE_mean_rounded,MAE_std_rounded,RMSE_mean_rounded,RMSE_std_rounded,R2_mean_raw,R2_std_raw,MAE_mean_raw,MAE_std_raw,RMSE_mean_raw,RMSE_std_raw,R2_mean_change,MAE_mean_change,RMSE_mean_change,same_target_definition,weather
detached,AlwaysZero,He_worst,-0.7949487858091946,0.0509227786348583,0.3817187333333333,0.0253015174527361,0.5740980510159633,0.0400593312008218,-0.4527557831108594,0.0368917513466362,0.1695729333333333,0.0133648227768106,0.3041867457736651,0.0243744720189204,-0.3421930026983352,0.2121458,0.2699113052422982,False,TMYx
detached,AlwaysZero,T_op_peak,-2193.970012102215,128.89346186850008,29.562140666666664,0.0249592146644625,29.568895968945828,0.025287340195561,-2193.970012102215,128.89346186850008,29.562140666666664,0.0249592146644625,29.568895968945828,0.025287340195561,0.0,0.0,0.0,True,TMYx
detached,AlwaysZero,We_max_worst,-2.027658008660334,0.0652245036741282,7.011333333333333,0.2435227573212276,8.56844582710313,0.2938312469179587,-2.027658008660334,0.0652245036741282,7.011333333333333,0.2435227573212276,8.56844582710313,0.2938312469179587,0.0,0.0,0.0,True,TMYx
detached,AlwaysZero,heat_kWh_m2,-1.3441327660226947,0.2242905257481783,107.1021318,5.0317117255107835,142.184579869581,11.25713293042966,-1.3441327660226947,0.2242905257481783,107.1021318,5.0317117255107835,142.184579869581,11.25713293042966,0.0,0.0,0.0,True,TMYx
detached,AlwaysZero,hours_gt26_night,-0.1765237182315616,0.0505643892219248,1.3553333333333333,0.1112954027202681,3.5857456014209808,0.5512430822204866,-0.1765237182315616,0.0505643892219248,1.3553333333333333,0.1112954027202681,3.5857456014209808,0.5512430822204866,0.0,0.0,0.0,True,TMYx
detached,MLP,He_worst,0.957548566735834,0.0051809038373642,0.0563820075089158,0.0052789489204155,0.088306484268423,0.0096749211274009,0.9375690725258622,0.0137790515080613,0.0364864866182776,0.0037867376981502,0.0629821874121233,0.0100251688004782,0.019979494209971804,0.019895520890638202,0.025324296856299694,False,TMYx
detached,MLP,T_op_peak,0.9633047636924184,0.001719423250239,0.0941099250895182,0.0036380868956375,0.1209941646399149,0.0042962378300217,0.9619304512799352,0.0020464864058383,0.0950055573730468,0.0038740028546077,0.1232228562767776,0.0044333574183235,0.001374312412483203,-0.0008956322835286107,-0.0022286916368627063,True,TMYx
detached,MLP,We_max_worst,0.9441975204310132,0.0063944727119014,0.8836730210678653,0.036083549357602,1.1605290475959973,0.0419668444601746,0.9439119897485938,0.0058651030666755,0.8857782056229189,0.035402426661275,1.1637750849809183,0.0361439575647726,0.0002855306824194326,-0.0021051845550535964,-0.003246037384921019,True,TMYx
detached,MLP,heat_kWh_m2,0.9668059443340172,0.0074671847773449,10.154186820407611,1.518396271107055,17.030322336058937,3.5871885638828145,0.9676178505243987,0.0083355192353825,10.289522446534349,1.4927344346933693,16.8086594435959,3.7143740239025216,-0.0008119061903815172,-0.13533562612673755,0.22166289246303705,True,TMYx
detached,MLP,hours_gt26_night,0.6838151457868284,0.0820983021866821,0.6517165495197987,0.0679934914527651,1.8380302219776723,0.28633537589244,0.6843905464653558,0.0792185931763563,0.6567077818531544,0.0818358054814004,1.8388483106230304,0.3038786311408332,-0.0005754006785273491,-0.004991232333355633,-0.0008180886453581504,True,TMYx
detached,RF,He_worst,0.9009857997013346,0.0108318167388453,0.0837963093943754,0.0074347728843811,0.1350444774075163,0.0156916489915137,0.866675636158916,0.0244572658639173,0.0513120374479382,0.0067637445514292,0.0924214655886705,0.0158229311260946,0.03431016354241867,0.03248427194643721,0.0426230118188458,False,TMYx
detached,RF,T_op_peak,0.9125833744822868,0.0053762361465494,0.1461371157412534,0.0086415445654638,0.1868630791385521,0.0113015379361467,0.9126822626843032,0.0053513043318539,0.1459526623607519,0.008643993961233,0.1867565455875556,0.0112570940646786,-9.888820201642279e-05,0.00018445338050149251,0.00010653355099649042,True,TMYx
detached,RF,We_max_worst,0.8936353398188149,0.006797934470468,1.1757206704369167,0.0732826493313303,1.6066894261795386,0.1023941560618914,0.8939328456879542,0.0067450625491694,1.1737251895338152,0.073002077316614,1.604451932309766,0.1022149089525951,-0.00029750586913923627,0.001995480903101532,0.0022374938697726776,True,TMYx
detached,RF,heat_kWh_m2,0.8721911001283592,0.0183594059869314,18.502079258590708,1.838357914997792,33.52884360853247,6.224996846774001,0.8742555236878433,0.0194190752849893,18.397825176030192,1.9465684486113712,33.271996133083036,6.417910401740941,-0.0020644235594841076,0.10425408256051583,0.2568474754494332,True,TMYx
detached,RF,hours_gt26_night,0.5946332688774341,0.0234844681693547,0.7552995225844177,0.0825792327655727,2.1031643595586376,0.3173085962341557,0.59720938314029,0.0259372821012155,0.753855620396618,0.0829381506319423,2.096692076259406,0.3214682179740776,-0.0025761142628559774,0.0014439021877996616,0.006472283299231663,True,TMYx
detached,TrainingMean,He_worst,-0.0045322171549262,0.0034575102765162,0.2954987580952379,0.0137175675518838,0.4296991519096387,0.0323511024508305,-0.0036544104940493,0.0034584772141313,0.1698743495238096,0.0080648519971911,0.2529374087417823,0.0211937457888026,-0.0008778066608769002,0.12562440857142831,0.17676174316785642,False,TMYx
detached,TrainingMean,T_op_peak,-0.0021823648315194,0.0020572002833403,0.5080963066666625,0.0136104860717537,0.6324996112280579,0.0195808043506049,-0.0021823648315194,0.0020572002833403,0.5080963066666625,0.0136104860717537,0.6324996112280579,0.0195808043506049,0.0,0.0,0.0,True,TMYx
detached,TrainingMean,We_max_worst,-0.0031515182543492,0.0029085427145701,3.974474285714286,0.1040749628230601,4.932920587975245,0.1813372119832679,-0.0031515182543492,0.0029085427145701,3.974474285714286,0.1040749628230601,4.932920587975245,0.1813372119832679,0.0,0.0,0.0,True,TMYx
detached,TrainingMean,heat_kWh_m2,-0.0049341272540215,0.0036083181364802,62.185052663999976,4.487622757136857,93.61954432644018,11.625597501383217,-0.0049341272540215,0.0036083181364802,62.185052663999976,4.487622757136857,93.61954432644018,11.625597501383217,0.0,0.0,0.0,True,TMYx
detached,TrainingMean,hours_gt26_night,-0.002088158561606,0.0037280888008238,1.476229523809524,0.0657885844125124,3.318151324981155,0.5709812037878501,-0.002088158561606,0.0037280888008238,1.476229523809524,0.0657885844125124,3.318151324981155,0.5709812037878501,0.0,0.0,0.0,True,TMYx
detached,XGBoost,He_worst,0.9390518640081176,0.0072299888447798,0.063290447111197,0.0043762230359109,0.1056454863856913,0.0099469940105359,0.9116833540448064,0.0126327644678365,0.0421794525916026,0.0039237730582235,0.0750661287407146,0.0103416437472735,0.027368509963311194,0.021110994519594396,0.0305793576449767,False,TMYx
detached,XGBoost,T_op_peak,0.9672975523662976,0.0017894618296026,0.0864112264811197,0.0029389568840813,0.114224207733873,0.0048956759931574,0.9672975523662976,0.0017894618296026,0.0864112264811197,0.0029389568840813,0.114224207733873,0.0048956759931574,0.0,0.0,0.0,True,TMYx
detached,XGBoost,We_max_worst,0.9358895966176376,0.0047791406890514,0.925985825156172,0.0426805610914444,1.2456723407147992,0.0460405707756706,0.9358895966176376,0.0047791406890514,0.925985825156172,0.0426805610914444,1.2456723407147992,0.0460405707756706,0.0,0.0,0.0,True,TMYx
detached,XGBoost,heat_kWh_m2,0.9277467487200224,0.0181833062194973,14.289584924643451,1.7218205061594676,24.97817610462306,4.37154751402185,0.9277467487200224,0.0181833062194973,14.289584924643451,1.7218205061594676,24.97817610462306,4.37154751402185,0.0,0.0,0.0,True,TMYx
detached,XGBoost,hours_gt26_night,0.6839473463269428,0.0770446201905127,0.6754519255288275,0.0600107212430905,1.829838385394988,0.2010868143875908,0.6839473463269428,0.0770446201905127,0.6754519255288275,0.0600107212430905,1.829838385394988,0.2010868143875908,0.0,0.0,0.0,True,TMYx
semi,AlwaysZero,He_worst,-0.5457920080626792,0.0605590834079186,0.2132745333333333,0.0167459269419296,0.3601108637272852,0.0329229635966419,-0.2701187640522763,0.0377035189604227,0.0785758666666666,0.0080244216704037,0.1716012397936095,0.0225680188900163,-0.27567324401040294,0.1346986666666667,0.18850962393367568,False,TMYx
semi,AlwaysZero,T_op_peak,-2750.6776510745076,169.6184256454324,29.194682666666672,0.0257580761229478,29.200005393943236,0.0259811554912242,-2750.6776510745076,169.6184256454324,29.194682666666672,0.0257580761229478,29.200005393943236,0.0259811554912242,0.0,0.0,0.0,True,TMYx
semi,AlwaysZero,We_max_worst,-1.2870028226893704,0.0816646634540433,4.397333333333333,0.2137807807596889,5.864248617729869,0.2612186570990935,-1.2870028226893704,0.0816646634540433,4.397333333333333,0.2137807807596889,5.864248617729869,0.2612186570990935,0.0,0.0,0.0,True,TMYx
semi,AlwaysZero,heat_kWh_m2,-1.3600419728422604,0.2552438658440888,72.2036022,2.9507295319270797,95.70392450357473,7.097358933928193,-1.3600419728422604,0.2552438658440888,72.2036022,2.9507295319270797,95.70392450357473,7.097358933928193,0.0,0.0,0.0,True,TMYx
semi,AlwaysZero,hours_gt26_night,-0.2080042003898597,0.0623300100900434,0.982,0.0749295965853575,2.4277063516198245,0.367834661065203,-0.2080042003898597,0.0623300100900434,0.982,0.0749295965853575,2.4277063516198245,0.367834661065203,0.0,0.0,0.0,True,TMYx
semi,MLP,He_worst,0.8770373203306869,0.0169344008267833,0.0581215535967754,0.0053262206560276,0.1011356246512985,0.008276821497334,0.8209013168290425,0.0267938678861462,0.032340937893767,0.0027914088696317,0.0646092645161922,0.0121245049235075,0.05613600350164438,0.0257806157030084,0.036526360135106295,False,TMYx
semi,MLP,T_op_peak,0.9165778013004002,0.0113800986940685,0.1216692558593749,0.0060647756868221,0.1604865789003204,0.0092184213561681,0.9149510058062562,0.0088043112267419,0.1219411726277668,0.0037310217633088,0.1621711935753779,0.0051018190495318,0.0016267954941440177,-0.0002719167683919027,-0.0016846146750575108,True,TMYx
semi,MLP,We_max_worst,0.892447720165048,0.0199732201472951,0.9516796257075232,0.0688866100675397,1.2647682449164956,0.0955030375364826,0.890910455324013,0.0145497232299871,0.9551185808434772,0.0398592987494118,1.2762894832312144,0.0493770698940948,0.001537264841035002,-0.003438955135954047,-0.01152123831471874,True,TMYx
semi,MLP,heat_kWh_m2,0.9241078162370576,0.0173640726898175,9.708124212518628,1.122134257961493,17.21302597971615,2.963750807987376,0.9168583417305244,0.0095699122334653,10.088201517298126,0.5138455155118491,18.023324893953987,2.1635927230066834,0.007249474506533238,-0.38007730477949764,-0.810298914237837,True,TMYx
semi,MLP,hours_gt26_night,0.6282165030480042,0.0994800041374652,0.5812165646511931,0.0424093162689733,1.3392125248341589,0.2683743966560831,0.6110116474453016,0.0758848112820561,0.5895413620618637,0.0314276764656431,1.3754680063024378,0.2569340647254442,0.017204855602702684,-0.008324797410670604,-0.03625548146827895,True,TMYx
semi,RF,He_worst,0.8231658864616966,0.0146612059564366,0.0691924691324925,0.0060160733054788,0.1221558730137028,0.0162463592290842,0.7754426401510276,0.0290589751439021,0.0361521544436556,0.0045553651897317,0.0725927281032619,0.0142175090565424,0.04772324631066904,0.0330403146888369,0.04956314491044091,False,TMYx
semi,RF,T_op_peak,0.8675063675841205,0.0109771025377201,0.1553604607305796,0.0066426305342284,0.2026433068956531,0.008566834375071,0.8675309847028052,0.0109333857735805,0.1552497129906252,0.0065976339845802,0.202625809305154,0.0085468364683526,-2.4617118684733263e-05,0.00011074773995439768,1.749759049909927e-05,True,TMYx
semi,RF,We_max_worst,0.8429282474839667,0.0178020746342612,1.1184144347337432,0.0657367762133263,1.535161032787621,0.1034854624030758,0.8425301628956486,0.018666647615692,1.119337380270384,0.0671880529777522,1.5369124624288055,0.1061299042891223,0.0003980845883180262,-0.0009229455366408512,-0.0017514296411844654,True,TMYx
semi,RF,heat_kWh_m2,0.8150780135988756,0.0345617194791217,13.723091266444854,1.199917048678529,27.058227560142537,5.412990132147747,0.8152196081138927,0.0343421293294613,13.739366516983631,1.2241117172637352,27.04769032328013,5.396365744274702,-0.0001415945150171627,-0.01627525053877754,0.01053723686240815,True,TMYx
semi,RF,hours_gt26_night,0.5422767684317313,0.0659105132233414,0.627911752470331,0.0485917565151075,1.4919263663307172,0.2386951676208404,0.5445070718192713,0.063072012592962,0.6271003379593797,0.0477884255233788,1.4887392177596197,0.2386568693322867,-0.0022303033875399336,0.0008114145109513471,0.0031871485710974756,True,TMYx
semi,TrainingMean,He_worst,-0.004885698481891,0.0063136338905228,0.1905122932380954,0.0110544617091787,0.2906808956327021,0.029658082539211,-0.0037961045976223,0.0055628659127634,0.0931652479047618,0.006551746327619,0.152746562932714,0.0215832531692927,-0.0010895938842687002,0.0973470453333336,0.13793433269998812,False,TMYx
semi,TrainingMean,T_op_peak,-0.0025515962109363,0.0021125392532571,0.441141462857142,0.0116403577204879,0.5580172915949004,0.0179707195972827,-0.0025515962109363,0.0021125392532571,0.441141462857142,0.0116403577204879,0.5580172915949004,0.0179707195972827,0.0,0.0,0.0,True,TMYx
semi,TrainingMean,We_max_worst,-0.003571407015961,0.0028355052853881,2.8502933333333336,0.0823912513243036,3.8859128120742623,0.1802915414096224,-0.003571407015961,0.0028355052853881,2.8502933333333336,0.0823912513243036,3.8859128120742623,0.1802915414096224,0.0,0.0,0.0,True,TMYx
semi,TrainingMean,heat_kWh_m2,-0.0040486608666644,0.003398345974089,40.56538119600001,2.9351386201368266,62.82753773973408,7.818259775928666,-0.0040486608666644,0.003398345974089,40.56538119600001,2.9351386201368266,62.82753773973408,7.818259775928666,0.0,0.0,0.0,True,TMYx
semi,TrainingMean,hours_gt26_night,-0.0014638195893154,0.0020879405321383,1.0580038095238096,0.05566327440884,2.218024625391004,0.3864464379549306,-0.0014638195893154,0.0020879405321383,1.0580038095238096,0.05566327440884,2.218024625391004,0.3864464379549306,0.0,0.0,0.0,True,TMYx
semi,XGBoost,He_worst,0.887244287976236,0.0123460579163163,0.0549378129022149,0.004827977756685,0.0974111255061906,0.0122836016100996,0.844746329597373,0.0170705520273517,0.0312000634210825,0.0031344859077763,0.06028270359598,0.0110008320509089,0.042497958378863054,0.023737749481132404,0.0371284219102106,False,TMYx
semi,XGBoost,T_op_peak,0.9564379650127058,0.0045378809693751,0.0875534892578124,0.005599125761242,0.1161969973870089,0.0073063801729356,0.9564379650127058,0.0045378809693751,0.0875534892578124,0.005599125761242,0.1161969973870089,0.0073063801729356,0.0,0.0,0.0,True,TMYx
semi,XGBoost,We_max_worst,0.9031513749420284,0.0133153139192515,0.8866709470885494,0.0634138085862236,1.204610834896934,0.0886274484227458,0.9031513749420284,0.0133153139192515,0.8866709470885494,0.0634138085862236,1.204610834896934,0.0886274484227458,0.0,0.0,0.0,True,TMYx
semi,XGBoost,heat_kWh_m2,0.8917882380406933,0.0106575288886021,10.625495257109325,0.884002261960158,20.643107947521575,3.0019107905785543,0.8917882380406933,0.0106575288886021,10.625495257109325,0.884002261960158,20.643107947521575,3.0019107905785543,0.0,0.0,0.0,True,TMYx
semi,XGBoost,hours_gt26_night,0.6661148403490301,0.0358211823495076,0.5466750589525328,0.0391073833314301,1.2722889442473415,0.1784258108204127,0.6661148403490301,0.0358211823495076,0.5466750589525328,0.0391073833314301,1.2722889442473415,0.1784258108204127,0.0,0.0,0.0,True,TMYx
detached,AlwaysZero,He_worst,-16.542302476674468,2.0139240443292445,1.8434024666666664,0.0245511304849467,1.8989489605947776,0.0309499568392635,-21.94941327757263,2.1338097941780028,1.569493933333333,0.0158544179952047,1.6051227676291355,0.0191764279753976,5.407110800898163,0.2739085333333333,0.29382619296564205,False,DSY1
detached,AlwaysZero,T_op_peak,-4304.932447463243,286.26935975925744,34.222998000000004,0.0110348220546452,34.22698611746982,0.0111776112713415,-4304.932447463243,286.26935975925744,34.222998000000004,0.0110348220546452,34.22698611746982,0.0111776112713415,0.0,0.0,0.0,True,DSY1
detached,AlwaysZero,We_max_worst,-56.88860640869875,2.683030453040871,44.14,0.2465878252378952,44.52702933519011,0.2669080282900509,-56.88860640869875,2.683030453040871,44.14,0.2465878252378952,44.52702933519011,0.2669080282900509,0.0,0.0,0.0,True,DSY1
detached,AlwaysZero,heat_kWh_m2,-1.49680984745308,0.2827910662232608,94.01255526666668,4.1201274097944856,122.14817458335688,9.425384046653017,-1.49680984745308,0.2827910662232608,94.01255526666668,4.1201274097944856,122.14817458335688,9.425384046653017,0.0,0.0,0.0,True,DSY1
detached,AlwaysZero,hours_gt26_night,-4.492116586384873,0.933552338304908,18.363333333333333,0.4596858830887793,20.369497572537927,0.7013991751950915,-4.492116586384873,0.933552338304908,18.363333333333333,0.4596858830887793,20.369497572537927,0.7013991751950915,0.0,0.0,0.0,True,DSY1
detached,MLP,He_worst,0.901394305687159,0.0130574538046212,0.0661145898579914,0.0063481899516038,0.1425968009814943,0.0121009538369011,0.898547266778077,0.022860496736816,0.0504676261745452,0.0052048691712481,0.1068200108385464,0.0161647519799833,0.0028470389090820003,0.015646963683446202,0.03577679014294789,False,DSY1
detached,MLP,T_op_peak,0.9770285252888098,0.004123820046806,0.05732763680013,0.0028833418909803,0.078753895173676,0.0052587172372376,0.9771508030570628,0.00398397402529,0.0572309072062172,0.0024046131367667,0.0785426107989409,0.0050144869570794,-0.00012227776825302072,9.672959391279767e-05,0.0002112843747350962,True,DSY1
detached,MLP,We_max_worst,0.9556973310327632,0.0063958444010245,0.9567489026387532,0.0805707129500976,1.2303504847773206,0.0979908437553969,0.956580405604065,0.0067598947270416,0.9435818354288736,0.1010043936504379,1.218114697620108,0.1104452042141949,-0.0008830745713017674,0.01316706720987959,0.012235787157212519,True,DSY1
detached,MLP,heat_kWh_m2,0.9607789464510484,0.0062111742114781,8.798422901778668,0.866997514118676,15.416249117931534,2.649313480843138,0.9603784859302096,0.008595182721288,9.006847506533305,1.1498000526200425,15.540917227824943,3.411791818213445,0.0004004605208388634,-0.20842460475463653,-0.1246681098934097,True,DSY1
detached,MLP,hours_gt26_night,0.7975371280719695,0.0571397730600228,1.5819993839263915,0.1401831942494603,3.917744810744165,0.7652875906701403,0.799398968271295,0.0675411872676089,1.58908491897583,0.1621126027617133,3.912119962645703,0.9692412191429391,-0.0018618401993254485,-0.0070855350494385405,0.0056248480984621985,True,DSY1
detached,RF,He_worst,0.8473848889902381,0.0265591043867926,0.0844445715474865,0.0065323995522197,0.1779260325809618,0.0250570709644945,0.8544656270943716,0.0214189394011699,0.0680417501092676,0.0047418318959049,0.128056632229168,0.0133496010281265,-0.007080738104133455,0.01640282143821889,0.0498694003517938,False,DSY1
detached,RF,T_op_peak,0.9187696257307184,0.0038410820712736,0.1151281260263166,0.0063496003340001,0.148876194709207,0.0074842843307886,0.9187696257307184,0.0038410820712736,0.1151281260263166,0.0063496003340001,0.148876194709207,0.0074842843307886,0.0,0.0,0.0,True,DSY1
detached,RF,We_max_worst,0.8942479626748762,0.008910908250966,1.4516461696031702,0.1143760624501721,1.9048823583868335,0.1315830483117121,0.8942479626748762,0.008910908250966,1.4516461696031702,0.1143760624501721,1.9048823583868335,0.1315830483117121,0.0,0.0,0.0,True,DSY1
detached,RF,heat_kWh_m2,0.8638166609833539,0.0154455311702722,15.82887386524988,1.655887279775919,28.803905229166627,4.939204556077441,0.8638166609833539,0.0154455311702722,15.82887386524988,1.655887279775919,28.803905229166627,4.939204556077441,0.0,0.0,0.0,True,DSY1
detached,RF,hours_gt26_night,0.7025012172456858,0.0262915354530473,2.0227652461902523,0.0766589596624622,4.797275224519916,0.6631943854634741,0.7025012172456858,0.0262915354530473,2.0227652461902523,0.0766589596624622,4.797275224519916,0.6631943854634741,0.0,0.0,0.0,True,DSY1
detached,TrainingMean,He_worst,-0.004122243476839,0.0030470169891665,0.2579842710476204,0.0124086807547827,0.4563339582175246,0.0320517255265317,-0.003513480306046,0.0035474976179149,0.2183168673333333,0.0081267190304094,0.3366430988010482,0.0193643879013384,-0.000608763170793,0.03966740371428709,0.11969085941647639,False,DSY1
detached,TrainingMean,T_op_peak,-0.0009006497907653,0.0014367055160333,0.410938204761905,0.0143571853372753,0.522505322849614,0.0170555285829411,-0.0009006497907653,0.0014367055160333,0.410938204761905,0.0143571853372753,0.522505322849614,0.0170555285829411,0.0,0.0,0.0,True,DSY1
detached,TrainingMean,We_max_worst,-0.0024557149069846,0.0024327295117176,4.940134285714285,0.0975703654686556,5.86405196674429,0.1767513459713474,-0.0024557149069846,0.0024327295117176,4.940134285714285,0.0975703654686556,5.86405196674429,0.1767513459713474,0.0,0.0,0.0,True,DSY1
detached,TrainingMean,heat_kWh_m2,-0.0048186660437953,0.0035612167335538,50.85661374628573,3.958262498959564,78.03332582645854,10.093993180009033,-0.0048186660437953,0.0035612167335538,50.85661374628573,3.958262498959564,78.03332582645854,10.093993180009033,0.0,0.0,0.0,True,DSY1
detached,TrainingMean,hours_gt26_night,-0.0040542642765935,0.0035211185387516,4.93154380952381,0.2183607805201926,8.800115584086445,0.9738818762605624,-0.0040542642765935,0.0035211185387516,4.93154380952381,0.2183607805201926,8.800115584086445,0.9738818762605624,0.0,0.0,0.0,True,DSY1
detached,XGBoost,He_worst,0.8891502591905311,0.0164473212727508,0.0684669842542012,0.007262422681182,0.1517569459168463,0.0201663804707183,0.9084222105159584,0.0109302143978929,0.0507396717230478,0.0044371475593587,0.1016522362750513,0.0095573044990405,-0.01927195132542725,0.017727312531153394,0.050104709641795,False,DSY1
detached,XGBoost,T_op_peak,0.9767519626329946,0.0030194333283694,0.059391396952311,0.0039745692766548,0.079539994534504,0.006177012003796,0.9767519626329946,0.0030194333283694,0.059391396952311,0.0039745692766548,0.079539994534504,0.006177012003796,0.0,0.0,0.0,True,DSY1
detached,XGBoost,We_max_worst,0.9451666637134846,0.0044112596628593,1.0555994771321615,0.0723794698250934,1.3715155393300562,0.0888275263033284,0.9451666637134846,0.0044112596628593,1.0555994771321615,0.0723794698250934,1.3715155393300562,0.0888275263033284,0.0,0.0,0.0,True,DSY1
detached,XGBoost,heat_kWh_m2,0.926408231646661,0.0053065787665726,11.73249621179301,1.1653960282370064,21.111943824819143,2.8548538822318217,0.926408231646661,0.0053065787665726,11.73249621179301,1.1653960282370064,21.111943824819143,2.8548538822318217,0.0,0.0,0.0,True,DSY1
detached,XGBoost,hours_gt26_night,0.7990829460659665,0.0517968755656442,1.622141642888387,0.1088993879553235,3.901893850904536,0.6003372517222317,0.7990829460659665,0.0517968755656442,1.622141642888387,0.1088993879553235,3.901893850904536,0.6003372517222317,0.0,0.0,0.0,True,DSY1
semi,AlwaysZero,He_worst,-24.827748717737943,2.3123630016474666,1.6768088666666667,0.0154937039607132,1.7104905743997534,0.0181955238177409,-26.71129244391252,1.3236872389386445,1.4053115333333337,0.0109223649418165,1.4314340807880228,0.0122369967660406,1.883543726174576,0.27149733333333304,0.27905649361173057,False,DSY1
semi,AlwaysZero,T_op_peak,-3220.743048848977,417.7561305807956,33.801686000000004,0.0129746255351692,33.80699646538689,0.0126238193631298,-3220.743048848977,417.7561305807956,33.801686000000004,0.0129746255351692,33.80699646538689,0.0126238193631298,0.0,0.0,0.0,True,DSY1
semi,AlwaysZero,We_max_worst,-44.04490984548733,4.826512676431495,39.9,0.176572301841985,40.35445908506476,0.2009310158392463,-44.04490984548733,4.826512676431495,39.9,0.176572301841985,40.35445908506476,0.2009310158392463,0.0,0.0,0.0,True,DSY1
semi,AlwaysZero,heat_kWh_m2,-1.550017439641215,0.3267367645994514,62.83512426666666,2.5762406177082458,81.16196383786225,6.119754417946629,-1.550017439641215,0.3267367645994514,62.83512426666666,2.5762406177082458,81.16196383786225,6.119754417946629,0.0,0.0,0.0,True,DSY1
semi,AlwaysZero,hours_gt26_night,-6.877019981503939,1.2015386066394094,17.596666666666668,0.3483452948504466,18.858842480721,0.352479823334535,-6.877019981503939,1.2015386066394094,17.596666666666668,0.3483452948504466,18.858842480721,0.352479823334535,0.0,0.0,0.0,True,DSY1
semi,MLP,He_worst,0.8547694027864026,0.0304524958514203,0.0622362830355326,0.0062955593888104,0.1285633852205901,0.0200829605260047,0.9080760501823544,0.01134891699874,0.0491152190949121,0.002800678955904,0.0824507795092766,0.0069614243091696,-0.05330664739595181,0.0131210639406205,0.04611260571131351,False,DSY1
semi,MLP,T_op_peak,0.9438058890812948,0.0078044759667264,0.1019411237589517,0.005871059191382,0.141364103596974,0.0102820142904468,0.950849617309646,0.0107312987784514,0.0935908328755695,0.0111633794991095,0.1320386830419446,0.0170046138743523,-0.007043728228351198,0.008350290883382197,0.009325420555029384,True,DSY1
semi,MLP,We_max_worst,0.9242101160152416,0.0120060936062301,1.2657997957865397,0.0681176270946619,1.652212913690676,0.0863962147989715,0.930401096816196,0.0135475297731145,1.2177349853515629,0.115122142013409,1.583550064407916,0.1564570485198629,-0.006190980800954371,0.04806481043497679,0.06866284928276012,True,DSY1
semi,MLP,heat_kWh_m2,0.9321074678842878,0.0127332796221819,6.981183220625814,0.5886258943411823,13.383492731029136,2.637496399744124,0.932540707975998,0.0163128230672898,6.845877157536887,0.4355990915735703,13.307505371081916,2.8715271330594323,-0.0004332400917101964,0.1353060630889269,0.07598735994722006,True,DSY1
semi,MLP,hours_gt26_night,0.812435715853862,0.0302880786176399,1.47966796429952,0.1115444723349769,2.9338715129281168,0.4367839225320974,0.825756690490355,0.0354953297242205,1.4602619161605834,0.0792815499092208,2.8209695528444465,0.4514786546709562,-0.013320974636493066,0.01940604813893665,0.11290196008367026,True,DSY1
semi,RF,He_worst,0.7880341722357982,0.0273289836508454,0.0850777643788047,0.0027042637206583,0.1550834567181765,0.0121864180608058,0.8387239806622336,0.0198660474124369,0.0688133549763274,0.0037411537781231,0.1091619428795244,0.0083283921878564,-0.050689808426435445,0.016264409402477295,0.0459215138386521,False,DSY1
semi,RF,T_op_peak,0.8892057017657669,0.0040330213440076,0.1519462330899107,0.0065468529795854,0.1990177396681779,0.0097532521645834,0.8892057017657669,0.0040330213440076,0.1519462330899107,0.0065468529795854,0.1990177396681779,0.0097532521645834,0.0,0.0,0.0,True,DSY1
semi,RF,We_max_worst,0.8610739662423379,0.0089883095382594,1.7197297116844132,0.0870652632564293,2.2465750780235236,0.1199113439821938,0.8610739662423379,0.0089883095382594,1.7197297116844132,0.0870652632564293,2.2465750780235236,0.1199113439821938,0.0,0.0,0.0,True,DSY1
semi,RF,heat_kWh_m2,0.8133010854693099,0.0338524781343943,11.36064664282618,0.8822968998505335,22.2316536648027,4.587100605967992,0.8133010854693099,0.0338524781343943,11.36064664282618,0.8822968998505335,22.2316536648027,4.587100605967992,0.0,0.0,0.0,True,DSY1
semi,RF,hours_gt26_night,0.6860989534598863,0.031831274705423,1.9926913336089616,0.0651701029001825,3.785271228622687,0.3436003150020466,0.6860989534598863,0.031831274705423,1.9926913336089616,0.0651701029001825,3.785271228622687,0.3436003150020466,0.0,0.0,0.0,True,DSY1
semi,TrainingMean,He_worst,-0.0027420837422239,0.0026131056796591,0.2082913245714293,0.0091531577818486,0.3379618672411622,0.0184814690969215,-0.0019874618851008,0.0017105733836312,0.1933144133333338,0.0055007828677177,0.2724264166386839,0.0089618117210064,-0.0007546218571231,0.014976911238095497,0.06553545060247828,False,DSY1
semi,TrainingMean,T_op_peak,-0.0005065514645263,0.0004459767611479,0.4617012019047639,0.0237607824030421,0.5984907936121872,0.0354046660515498,-0.0005065514645263,0.0004459767611479,0.4617012019047639,0.0237607824030421,0.5984907936121872,0.0354046660515498,0.0,0.0,0.0,True,DSY1
semi,TrainingMean,We_max_worst,-0.0009505766853767,0.0016146508058351,4.471105714285715,0.2289252359512351,6.035758467759389,0.3235946022660883,-0.0009505766853767,0.0016146508058351,4.471105714285715,0.2289252359512351,6.035758467759389,0.3235946022660883,0.0,0.0,0.0,True,DSY1
semi,TrainingMean,heat_kWh_m2,-0.0044444924044366,0.0035945322439125,32.839374272095235,2.500827478227691,51.36465937782445,6.882189209474458,-0.0044444924044366,0.0035945322439125,32.839374272095235,2.500827478227691,51.36465937782445,6.882189209474458,0.0,0.0,0.0,True,DSY1
semi,TrainingMean,hours_gt26_night,-0.0037857828413023,0.0057223373361531,4.438478095238096,0.2749942300899534,6.77895495907452,0.5367082876495453,-0.0037857828413023,0.0057223373361531,4.438478095238096,0.2749942300899534,6.77895495907452,0.5367082876495453,0.0,0.0,0.0,True,DSY1
semi,XGBoost,He_worst,0.854359274968353,0.0265590555218925,0.0658015502232869,0.0055052298691815,0.1283398930822218,0.0130947974907704,0.9084907798591616,0.0218912251384176,0.0493424990180333,0.0041858940527772,0.0819003958942204,0.0103162376185508,-0.054131504890808646,0.0164590512052536,0.04643949718800139,False,DSY1
semi,XGBoost,T_op_peak,0.9652924398428048,0.0034912009844586,0.0815006049601236,0.0047357553493995,0.1113518510178479,0.0084154505044623,0.9652924398428048,0.0034912009844586,0.0815006049601236,0.0047357553493995,0.1113518510178479,0.0084154505044623,0.0,0.0,0.0,True,DSY1
semi,XGBoost,We_max_worst,0.93290363373422,0.0045832380832028,1.2231551424662273,0.0569952283038615,1.5605144252910546,0.065057351220945,0.93290363373422,0.0045832380832028,1.2231551424662273,0.0569952283038615,1.5605144252910546,0.065057351220945,0.0,0.0,0.0,True,DSY1
semi,XGBoost,heat_kWh_m2,0.8860032842415357,0.0145102170923183,8.841207334697469,0.7679125594488996,17.302682453863035,2.760414462935892,0.8860032842415357,0.0145102170923183,8.841207334697469,0.7679125594488996,17.302682453863035,2.760414462935892,0.0,0.0,0.0,True,DSY1
semi,XGBoost,hours_gt26_night,0.8063769550081569,0.0273850675813887,1.5103109423319498,0.0487907458806109,2.9716708255821715,0.3135906387264023,0.8063769550081569,0.0273850675813887,1.5103109423319498,0.0487907458806109,2.9716708255821715,0.3135906387264023,0.0,0.0,0.0,True,DSY1
