archetype,model,subgroup,RMSE_mean,RMSE_sd,MAE_mean,bias_mean,n_min,n_max,valid_splits,weather
detached,AlwaysZero,above_32h,47.333333333333336,11.547005383792516,47.333333333333336,-47.333333333333336,0,1,3,TMYx
detached,AlwaysZero,all,3.5857456014209808,0.5512430822204866,1.3553333333333333,-1.3553333333333333,300,300,5,TMYx
detached,AlwaysZero,nonzero,4.818525141574234,0.7588668761025094,2.4422974902238233,-2.4422974902238233,152,183,5,TMYx
detached,AlwaysZero,positive_training_p90_tail,15.182848682496516,3.472605608943064,11.787586755349913,-11.787586755349913,13,19,5,TMYx
detached,AlwaysZero,zero,0.0,0.0,0.0,0.0,117,148,5,TMYx
detached,MLP,above_32h,27.468660831451416,1.5207886145111975,27.468660831451416,-27.468660831451416,0,1,3,TMYx
detached,MLP,all,1.8380302219776723,0.28633537589244007,0.6517165495197987,0.0027962154246633578,300,300,5,TMYx
detached,MLP,nonzero,2.4533404423544503,0.4073292680036244,0.9662337695640144,-0.15875647023471123,152,183,5,TMYx
detached,MLP,positive_training_p90_tail,7.637486839478797,1.9610611344497666,4.787107725653468,-2.855764691883288,13,19,5,TMYx
detached,MLP,zero,0.33759718510222225,0.007806524015871434,0.25910983675475613,0.19420212051154723,117,148,5,TMYx
detached,RF,above_32h,29.148658399470904,4.581454485788501,29.148658399470904,-29.148658399470904,0,1,3,TMYx
detached,RF,all,2.1031643595586376,0.31730859623415575,0.7552995225844177,0.045997018744030616,300,300,5,TMYx
detached,RF,nonzero,2.7477619094145367,0.49546590629675713,1.0903444934646895,-0.1881749330642422,152,183,5,TMYx
detached,RF,positive_training_p90_tail,8.320167690822904,1.5860038626384596,5.200149784583865,-4.791526303545792,13,19,5,TMYx
detached,RF,zero,0.6680133066939619,0.38930062749881217,0.3426747918086793,0.3426747918086793,117,148,5,TMYx
detached,TrainingMean,above_32h,45.92404761904762,11.580414177265286,45.92404761904762,-45.92404761904762,0,1,3,TMYx
detached,TrainingMean,all,3.318151324981155,0.5709812037878501,1.476229523809524,0.04280952380952386,300,300,5,TMYx
detached,TrainingMean,nonzero,4.273336284183118,0.8254167527920403,1.5397988817209138,-1.0441546330809661,152,183,5,TMYx
detached,TrainingMean,positive_training_p90_tail,14.112844389250967,3.548204811404157,10.389443898207055,-10.389443898207055,13,19,5,TMYx
detached,TrainingMean,zero,1.3981428571428574,0.03237456169429881,1.3981428571428574,1.3981428571428574,117,148,5,TMYx
detached,XGBoost,above_32h,24.668411254882812,4.388915262217766,24.668411254882812,-24.668411254882812,0,1,3,TMYx
detached,XGBoost,all,1.829838385394988,0.20108681438759082,0.6754519255288275,-0.03847769467312412,300,300,5,TMYx
detached,XGBoost,nonzero,2.4221780404546474,0.31607879983299225,0.9795729462123642,-0.18077042454244202,152,183,5,TMYx
detached,XGBoost,positive_training_p90_tail,7.163582940133843,1.108219598649587,4.3165049982819,-3.7771715685785536,13,19,5,TMYx
detached,XGBoost,zero,0.4733652964027445,0.12440262787978595,0.3003768490585458,0.14536233085412048,117,148,5,TMYx
semi,AlwaysZero,above_32h,,,,,0,0,0,TMYx
semi,AlwaysZero,all,2.4277063516198245,0.367834661065203,0.982,-0.982,300,300,5,TMYx
semi,AlwaysZero,nonzero,3.5800502325653305,0.6019845310430191,2.125644078260431,-2.125644078260431,123,152,5,TMYx
semi,AlwaysZero,positive_training_p90_tail,10.31671021136137,1.816803036903092,8.787692307692307,-8.787692307692307,12,16,5,TMYx
semi,AlwaysZero,zero,0.0,0.0,0.0,0.0,148,177,5,TMYx
semi,MLP,above_32h,,,,,0,0,0,TMYx
semi,MLP,all,1.3392125248341589,0.26837439665608315,0.5812165646511931,-0.05157992014467645,300,300,5,TMYx
semi,MLP,nonzero,1.930187151427872,0.41836989353524234,0.9835944759146233,-0.3387664317963876,123,152,5,TMYx
semi,MLP,positive_training_p90_tail,5.272942409213732,1.6125326112156886,4.012386788718212,-2.80073370463573,12,16,5,TMYx
semi,MLP,zero,0.3662110554311451,0.10645760569172638,0.23631583113956717,0.1865097492032784,148,177,5,TMYx
semi,RF,above_32h,,,,,0,0,0,TMYx
semi,RF,all,1.4919263663307172,0.23869516762084042,0.627911752470331,-0.013862757691493218,300,300,5,TMYx
semi,RF,nonzero,2.1302342172928967,0.4303985397238922,1.017620390546511,-0.3805349343289452,123,152,5,TMYx
semi,RF,positive_training_p90_tail,6.011441963831178,1.2023936761924292,4.369765554615692,-3.9325436302187184,12,16,5,TMYx
semi,RF,zero,0.4779135607811039,0.12449244202126286,0.2932856782376434,0.2932856782376434,148,177,5,TMYx
semi,TrainingMean,above_32h,,,,,0,0,0,TMYx
semi,TrainingMean,all,2.218024625391004,0.38644643795493067,1.0580038095238096,0.013428571428571418,300,300,5,TMYx
semi,TrainingMean,nonzero,3.085684315204484,0.6580763010081307,1.1370996463144238,-1.1302155068318591,123,152,5,TMYx
semi,TrainingMean,positive_training_p90_tail,9.473552901384185,1.8825389666231667,7.792263736263736,-7.792263736263736,12,16,5,TMYx
semi,TrainingMean,zero,0.9954285714285716,0.019063535017066906,0.9954285714285716,0.9954285714285716,148,177,5,TMYx
semi,XGBoost,above_32h,,,,,0,0,0,TMYx
semi,XGBoost,all,1.2722889442473415,0.17842581082041276,0.5466750589525328,-0.0482511105497057,300,300,5,TMYx
semi,XGBoost,nonzero,1.8342633574045588,0.29251049609494983,0.9019135563387038,-0.2893492095246969,123,152,5,TMYx
semi,XGBoost,positive_training_p90_tail,5.210152090605048,0.8525325340524788,3.689754042098156,-3.0547575192191667,12,16,5,TMYx
semi,XGBoost,zero,0.3484266417136406,0.05332893714511781,0.23965721832003437,0.1548042869536963,148,177,5,TMYx
detached,AlwaysZero,above_32h,53.82526916399054,5.7889582604731675,48.38461538461538,-48.38461538461538,10,13,5,DSY1
detached,AlwaysZero,all,20.369497572537927,0.7013991751950915,18.363333333333333,-18.363333333333333,300,300,5,DSY1
detached,AlwaysZero,nonzero,20.369497572537927,0.7013991751950915,18.363333333333333,-18.363333333333333,300,300,5,DSY1
detached,AlwaysZero,positive_training_p90_tail,38.79573281580763,2.648274532321998,34.99044110459433,-34.99044110459433,31,40,5,DSY1
detached,AlwaysZero,zero,,,,,0,0,0,DSY1
detached,MLP,above_32h,18.368056257690625,4.9438902348839475,11.585424361595742,-7.446897139916052,10,13,5,DSY1
detached,MLP,all,3.917744810744165,0.7652875906701403,1.5819993839263915,-0.16466437594095862,300,300,5,DSY1
detached,MLP,nonzero,3.917744810744165,0.7652875906701403,1.5819993839263915,-0.16466437594095862,300,300,5,DSY1
detached,MLP,positive_training_p90_tail,10.978960028111848,2.6009343268237712,5.695662969813435,-2.7069121488751087,31,40,5,DSY1
detached,MLP,zero,,,,,0,0,0,DSY1
detached,RF,above_32h,21.382926629011177,4.037963585904853,14.158186479850972,-12.440930426082181,10,13,5,DSY1
detached,RF,all,4.797275224519916,0.6631943854634741,2.0227652461902523,-0.07163306411183168,300,300,5,DSY1
detached,RF,nonzero,4.797275224519916,0.6631943854634741,2.0227652461902523,-0.07163306411183168,300,300,5,DSY1
detached,RF,positive_training_p90_tail,12.783289350099588,2.0232589469006674,6.9099811465928465,-5.358198273815101,31,40,5,DSY1
detached,RF,zero,,,,,0,0,0,DSY1
detached,TrainingMean,above_32h,38.121698793522775,6.724001440005468,30.100043956043958,-30.100043956043958,10,13,5,DSY1
detached,TrainingMean,all,8.800115584086445,0.9738818762605624,4.93154380952381,-0.07876190476190395,300,300,5,DSY1
detached,TrainingMean,nonzero,8.800115584086445,0.9738818762605624,4.93154380952381,-0.07876190476190395,300,300,5,DSY1
detached,TrainingMean,positive_training_p90_tail,23.547465380474236,3.7229753800972927,16.7058696760229,-16.7058696760229,31,40,5,DSY1
detached,TrainingMean,zero,,,,,0,0,0,DSY1
detached,XGBoost,above_32h,16.864448647849358,2.7121911053394703,12.020729017991286,-8.683926825890174,10,13,5,DSY1
detached,XGBoost,all,3.9018938509045364,0.6003372517222317,1.622141642888387,-0.16852079709370932,300,300,5,DSY1
detached,XGBoost,nonzero,3.9018938509045364,0.6003372517222317,1.622141642888387,-0.16852079709370932,300,300,5,DSY1
detached,XGBoost,positive_training_p90_tail,10.080565179407156,1.2512099428337409,5.74604807602695,-3.744060803888364,31,40,5,DSY1
detached,XGBoost,zero,,,,,0,0,0,DSY1
semi,AlwaysZero,above_32h,46.13365498309899,5.088784846489942,43.96636363636363,-43.96636363636363,5,11,5,DSY1
semi,AlwaysZero,all,18.858842480721002,0.35247982333453504,17.596666666666668,-17.596666666666668,300,300,5,DSY1
semi,AlwaysZero,nonzero,18.858842480721002,0.35247982333453504,17.596666666666668,-17.596666666666668,300,300,5,DSY1
semi,AlwaysZero,positive_training_p90_tail,34.464477080714744,2.752765253299349,32.77108516483516,-32.77108516483516,23,42,5,DSY1
semi,AlwaysZero,zero,,,,,0,0,0,DSY1
semi,MLP,above_32h,13.954106782000627,4.030667598484691,10.08619115087721,-9.198290982198234,5,11,5,DSY1
semi,MLP,all,2.9338715129281168,0.4367839225320974,1.4796679642995199,-0.08640982500712077,300,300,5,DSY1
semi,MLP,nonzero,2.9338715129281168,0.4367839225320974,1.4796679642995199,-0.08640982500712077,300,300,5,DSY1
semi,MLP,positive_training_p90_tail,8.232546981969943,2.2693538369450406,5.063617590415779,-2.9871978078227945,23,42,5,DSY1
semi,MLP,zero,,,,,0,0,0,DSY1
semi,RF,above_32h,18.05667624381167,4.833417142116828,13.992685077192741,-13.764636880944545,5,11,5,DSY1
semi,RF,all,3.785271228622687,0.34360031500204663,1.9926913336089616,0.06342010443661834,300,300,5,DSY1
semi,RF,nonzero,3.785271228622687,0.34360031500204663,1.9926913336089616,0.06342010443661834,300,300,5,DSY1
semi,RF,positive_training_p90_tail,10.587906193615813,2.1565127466623797,6.870663512991543,-5.831021896509364,23,42,5,DSY1
semi,RF,zero,,,,,0,0,0,DSY1
semi,TrainingMean,above_32h,29.651082792926452,5.593785714678616,26.241220779220782,-26.241220779220782,5,11,5,DSY1
semi,TrainingMean,all,6.77895495907452,0.5367082876495453,4.4384780952380956,0.12847619047619094,300,300,5,DSY1
semi,TrainingMean,nonzero,6.77895495907452,0.5367082876495453,4.4384780952380956,0.12847619047619094,300,300,5,DSY1
semi,TrainingMean,positive_training_p90_tail,18.379068693329433,3.2826202977140766,15.045942307692306,-15.045942307692306,23,42,5,DSY1
semi,TrainingMean,zero,,,,,0,0,0,DSY1
semi,XGBoost,above_32h,14.061527777368235,4.003164471044879,10.575861956952798,-10.29203022532993,5,11,5,DSY1
semi,XGBoost,all,2.9716708255821715,0.31359063872640236,1.5103109423319498,-0.03367566045125327,300,300,5,DSY1
semi,XGBoost,nonzero,2.9716708255821715,0.31359063872640236,1.5103109423319498,-0.03367566045125327,300,300,5,DSY1
semi,XGBoost,positive_training_p90_tail,8.132376236961875,1.329709942380741,5.152732888327831,-3.7510124428159473,23,42,5,DSY1
semi,XGBoost,zero,,,,,0,0,0,DSY1
