archetype,target,feature,mean_abs_shap,sd_abs_shap,min_rank,max_rank,first_rank_splits,rank_of_mean,weather
detached,He_worst,g_value,0.20762840807437896,0.00963471473211972,1.0,1.0,5,1.0,TMYx
detached,T_op_peak,wwr,0.36514941453933714,0.014585462255115518,1.0,1.0,5,1.0,TMYx
detached,We_max_worst,wwr,2.714540386199951,0.11733327978197271,1.0,1.0,5,1.0,TMYx
detached,heat_kWh_m2,wwr,40.070552825927734,1.412623708578296,1.0,1.0,5,1.0,TMYx
detached,hours_gt26_night,g_value,0.9787715315818787,0.095093629875589,1.0,1.0,5,1.0,TMYx
semi,He_worst,g_value,0.12137369960546489,0.005262331484520789,1.0,2.0,3,1.0,TMYx
semi,T_op_peak,wwr,0.3069195508956909,0.011902398363930316,1.0,1.0,5,1.0,TMYx
semi,We_max_worst,wwr,1.988354778289795,0.0978919757890971,1.0,1.0,5,1.0,TMYx
semi,heat_kWh_m2,wwr,26.00405921936035,0.8495345015137097,1.0,1.0,5,1.0,TMYx
semi,hours_gt26_night,wof,0.7000480890274048,0.05013219054233676,1.0,1.0,5,1.0,TMYx
detached,He_worst,g_value,0.19198784530162807,0.007824439109769234,1.0,1.0,5,1.0,DSY1
detached,T_op_peak,wwr,0.32570539712905877,0.013185669085741078,1.0,1.0,5,1.0,DSY1
detached,We_max_worst,wwr,3.3005968570709228,0.11886241571278564,1.0,1.0,5,1.0,DSY1
detached,heat_kWh_m2,wwr,33.96396484375,1.1010210830282283,1.0,1.0,5,1.0,DSY1
detached,hours_gt26_night,g_value,3.1798022747039796,0.18867189177137683,1.0,1.0,5,1.0,DSY1
semi,He_worst,g_value,0.14116553664207457,0.005698461874265587,1.0,2.0,4,1.0,DSY1
semi,T_op_peak,wwr,0.32533071041107176,0.011150782180376293,1.0,1.0,5,1.0,DSY1
semi,We_max_worst,wwr,3.042266511917114,0.12908736096997095,1.0,1.0,5,1.0,DSY1
semi,heat_kWh_m2,wwr,21.621846389770507,0.6162321418397106,1.0,1.0,5,1.0,DSY1
semi,hours_gt26_night,wof,2.8013182163238524,0.09724095328008099,1.0,1.0,5,1.0,DSY1
