archetype,target,n,mean_old,mean_new,mean_change,median_change,mean_absolute_change,p95_absolute_change,maximum_absolute_change,increased,decreased
detached,He_worst,2000,0.29142250000000003,0.1676212,-0.1238013,-0.1089,0.1242099,0.2724,0.5446000000000001,4,1807
detached,We_max_worst,2000,9.9855,6.962,-3.0235,-3.0,3.0235,5.0,8.0,0,1937
detached,T_op_peak,2000,30.009513,29.5524365,-0.4570765,-0.4559999999999995,0.4570765,0.5850000000000009,0.7439999999999998,0,2000
detached,hours_gt26_night,2000,0.9335,1.381,0.4475,0.0,0.6025,3.0,11.0,608,69
detached,heat_kWh_m2,2000,107.3021079,104.16218685,-3.13992105,-1.6284499999999973,3.65498365,13.687419999999987,39.428499999999985,236,1763
detached,hours_C3_worst,2000,0.0015,0.0,-0.0015,0.0,0.0015,0.0,2.0,0,2
detached,hours_gt26_night_annual,2000,1.582,2.2395,0.6575,0.0,0.8775,3.0,57.0,622,70
semi,He_worst,2000,0.18191825,0.0777644,-0.10415384999999999,-0.0817,0.10415384999999999,0.3268,0.7896999999999998,0,1564
semi,We_max_worst,2000,7.374,4.3855,-2.9885,-3.0,2.9945,5.0,8.0,6,1889
semi,T_op_peak,2000,29.663477500000003,29.1870125,-0.476465,-0.47600000000000264,0.476465,0.625,0.8149999999999977,0,2000
semi,hours_gt26_night,2000,1.175,0.9815,-0.1935,0.0,0.5925,3.0,13.0,258,421
semi,heat_kWh_m2,2000,73.55303190000001,70.30640355,-3.24662835,-1.7743499999999983,3.8955432500000002,14.840625,33.58479999999997,314,1686
semi,hours_C3_worst,2000,0.0,0.0,0.0,0.0,0.0,0.0,0.0,0,0
semi,hours_gt26_night_annual,2000,1.866,1.9005,0.0345,0.0,0.9355,3.0,78.0,269,430
