model,split,target,R2,MAE,RMSE
XGBoost,val,He_worst,0.9116582446799228,0.04936258643248149,0.08539404322666297
XGBoost,val,We_max_worst,0.9363964815463222,1.012357776860396,1.323393986430156
XGBoost,val,T_op_peak,0.9614174742186825,0.09747460988362636,0.13130534765663543
XGBoost,val,hours_gt26_night,0.6151534545104822,0.5590643264002696,1.5255461535739314
XGBoost,val,heat_kWh_m2,0.9164466617388595,13.824310969217937,25.429191187212233
RF,val,He_worst,0.8302262292822848,0.07699827333333334,0.11838041608327088
RF,val,We_max_worst,0.8620398439363107,1.5458999999999998,1.949060970484676
RF,val,T_op_peak,0.8777604706433653,0.18674451666666544,0.23371840882833658
RF,val,hours_gt26_night,0.4489714134263284,0.6932833333333334,1.8254444435990558
RF,val,heat_kWh_m2,0.7867230273326891,24.991443705000012,40.627736557781176
MLP,val,He_worst,0.9388192475757439,0.04632312896610796,0.07106438005346143
MLP,val,We_max_worst,0.9458707974886941,0.9635477439686656,1.2208558842894062
MLP,val,T_op_peak,0.9549872566112682,0.11267809646606454,0.1418256647136933
MLP,val,hours_gt26_night,0.695958672796136,0.5308461840846576,1.3559630800555984
MLP,val,heat_kWh_m2,0.945975667795171,12.495380818049114,20.447741564673564
XGBoost,test,He_worst,0.9061490316749813,0.05793309629750096,0.09858246612991597
MLP,test,He_worst,0.9279981089419929,0.05230083851924166,0.08634799361210965
RF,test,He_worst,0.8243199197944585,0.08659727333333332,0.13487813735917933
XGBoost,test,We_max_worst,0.9284594272107748,1.0604233876864115,1.4403461810836342
MLP,test,We_max_worst,0.9430760121406743,1.0195452332496644,1.28480831217931
RF,test,We_max_worst,0.8483162831909269,1.5980166666666666,2.097298083249017
XGBoost,test,T_op_peak,0.9507311215816902,0.11297642842610685,0.15059840406263406
MLP,test,T_op_peak,0.9552184048055035,0.11474965148925795,0.1435766485291233
RF,test,T_op_peak,0.8581897359725477,0.2021369833333325,0.25549821149944646
XGBoost,test,hours_gt26_night,0.7352998664436454,0.6252650685748086,1.7453775129208113
MLP,test,hours_gt26_night,0.5945403705734937,0.6555925402285842,2.1601609238093484
RF,test,hours_gt26_night,0.41582686316289474,0.8333166666666668,2.592883995991079
XGBoost,test,heat_kWh_m2,0.9341406470885015,14.58520847756958,27.340144992859617
MLP,test,heat_kWh_m2,0.9335055222770774,16.224767510136925,27.47165813596606
RF,test,heat_kWh_m2,0.7578107931269689,28.96043233500001,52.4287467180493
