archetype,target,feature,importance
detached,He_worst,width,0.0267578502281583
detached,He_worst,length,0.029161568115466052
detached,He_worst,height,0.026893696497749905
detached,He_worst,orientation,0.027331389118967434
detached,He_worst,wwr,0.29566465815129495
detached,He_worst,wallInsulationThickness,0.02604319586404042
detached,He_worst,roofInsulationThickness,0.029494434022419053
detached,He_worst,slabInsulationThickness,0.019051725078302835
detached,He_worst,u_windows,0.039547658798763305
detached,He_worst,g_value,0.2904537286175289
detached,He_worst,roofAbsorptance,0.03808679868956195
detached,He_worst,flowCoefficient,0.02399167226000959
detached,He_worst,wof,0.04925730879384599
detached,He_worst,fixedShadingDepth,0.07826431576389117
detached,We_max_worst,width,0.028718393069172055
detached,We_max_worst,length,0.028392831865012305
detached,We_max_worst,height,0.028812814661898146
detached,We_max_worst,orientation,0.022370744628305135
detached,We_max_worst,wwr,0.3458976667882008
detached,We_max_worst,wallInsulationThickness,0.024266463227954685
detached,We_max_worst,roofInsulationThickness,0.030201073940366065
detached,We_max_worst,slabInsulationThickness,0.020435391033904553
detached,We_max_worst,u_windows,0.025322145678107085
detached,We_max_worst,g_value,0.2693406941699603
detached,We_max_worst,roofAbsorptance,0.03735053696975022
detached,We_max_worst,flowCoefficient,0.021915132574717333
detached,We_max_worst,wof,0.03792020275410627
detached,We_max_worst,fixedShadingDepth,0.07905590863854513
detached,T_op_peak,width,0.026554669693715408
detached,T_op_peak,length,0.02782998532948592
detached,T_op_peak,height,0.02781649468053884
detached,T_op_peak,orientation,0.021689911921927083
detached,T_op_peak,wwr,0.3708406584381815
detached,T_op_peak,wallInsulationThickness,0.024534217305190346
detached,T_op_peak,roofInsulationThickness,0.03211611112224924
detached,T_op_peak,slabInsulationThickness,0.018037894941997264
detached,T_op_peak,u_windows,0.02437225158487132
detached,T_op_peak,g_value,0.2751129200919655
detached,T_op_peak,roofAbsorptance,0.03685791846169586
detached,T_op_peak,flowCoefficient,0.020826040235128844
detached,T_op_peak,wof,0.03308858649591377
detached,T_op_peak,fixedShadingDepth,0.06032233969713919
detached,hours_gt26_night,width,0.047812605404562565
detached,hours_gt26_night,length,0.034599161092609604
detached,hours_gt26_night,height,0.03394394489917828
detached,hours_gt26_night,orientation,0.05714047888011754
detached,hours_gt26_night,wwr,0.09977644956798526
detached,hours_gt26_night,wallInsulationThickness,0.04057375498853101
detached,hours_gt26_night,roofInsulationThickness,0.04234408689654184
detached,hours_gt26_night,slabInsulationThickness,0.0336979501847583
detached,hours_gt26_night,u_windows,0.17612814423214548
detached,hours_gt26_night,g_value,0.15555544590152195
detached,hours_gt26_night,roofAbsorptance,0.08414073238826521
detached,hours_gt26_night,flowCoefficient,0.03494179414992481
detached,hours_gt26_night,wof,0.09535868571178559
detached,hours_gt26_night,fixedShadingDepth,0.06398676570207269
detached,heat_kWh_m2,width,0.045028105573276314
detached,heat_kWh_m2,length,0.037211824940002025
detached,heat_kWh_m2,height,0.026604876625515368
detached,heat_kWh_m2,orientation,0.02723403123321101
detached,heat_kWh_m2,wwr,0.275130882584148
detached,heat_kWh_m2,wallInsulationThickness,0.02314624920493571
detached,heat_kWh_m2,roofInsulationThickness,0.02848793733752168
detached,heat_kWh_m2,slabInsulationThickness,0.023455637664271965
detached,heat_kWh_m2,u_windows,0.08591016425430036
detached,heat_kWh_m2,g_value,0.13158723349777515
detached,heat_kWh_m2,roofAbsorptance,0.05200392623674189
detached,heat_kWh_m2,flowCoefficient,0.026319831458802248
detached,heat_kWh_m2,wof,0.1832387855500144
detached,heat_kWh_m2,fixedShadingDepth,0.034640513839483925
