archetype,target,feature,mean_abs_shap
semi,He_worst,width,0.004091499838978052
semi,He_worst,length,0.018180973827838898
semi,He_worst,height,0.010199286974966526
semi,He_worst,orientation,0.03565532714128494
semi,He_worst,wwr,0.11082600802183151
semi,He_worst,wallInsulationThickness,0.00439956272020936
semi,He_worst,roofInsulationThickness,0.007817461155354977
semi,He_worst,slabInsulationThickness,0.0012091840617358685
semi,He_worst,u_windows,0.00719921849668026
semi,He_worst,g_value,0.10139063000679016
semi,He_worst,roofAbsorptance,0.012967055663466454
semi,He_worst,flowCoefficient,0.0015789441531524062
semi,He_worst,wof,0.028413258492946625
semi,He_worst,fixedShadingDepth,0.03591200336813927
semi,We_max_worst,width,0.07239266484975815
semi,We_max_worst,length,0.3728022873401642
semi,We_max_worst,height,0.2261705994606018
semi,We_max_worst,orientation,0.6243920922279358
semi,We_max_worst,wwr,2.387742757797241
semi,We_max_worst,wallInsulationThickness,0.09688927233219147
semi,We_max_worst,roofInsulationThickness,0.28182175755500793
semi,We_max_worst,slabInsulationThickness,0.037279389798641205
semi,We_max_worst,u_windows,0.09869325160980225
semi,We_max_worst,g_value,2.0097451210021973
semi,We_max_worst,roofAbsorptance,0.35490673780441284
semi,We_max_worst,flowCoefficient,0.03302248567342758
semi,We_max_worst,wof,0.1948697715997696
semi,We_max_worst,fixedShadingDepth,0.7115971446037292
semi,T_op_peak,width,0.013482085429131985
semi,T_op_peak,length,0.061050597578287125
semi,T_op_peak,height,0.02905452437698841
semi,T_op_peak,orientation,0.0875689834356308
semi,T_op_peak,wwr,0.32719239592552185
semi,T_op_peak,wallInsulationThickness,0.017288614064455032
semi,T_op_peak,roofInsulationThickness,0.03546294569969177
semi,T_op_peak,slabInsulationThickness,0.0025474003050476313
semi,T_op_peak,u_windows,0.013048451393842697
semi,T_op_peak,g_value,0.269819974899292
semi,T_op_peak,roofAbsorptance,0.044742900878190994
semi,T_op_peak,flowCoefficient,0.0034567085094749928
semi,T_op_peak,wof,0.028143059462308884
semi,T_op_peak,fixedShadingDepth,0.07372758537530899
semi,hours_gt26_night,width,0.02301364205777645
semi,hours_gt26_night,length,0.030192727223038673
semi,hours_gt26_night,height,0.04031408205628395
semi,hours_gt26_night,orientation,0.11492790281772614
semi,hours_gt26_night,wwr,0.18980376422405243
semi,hours_gt26_night,wallInsulationThickness,0.14017227292060852
semi,hours_gt26_night,roofInsulationThickness,0.19967372715473175
semi,hours_gt26_night,slabInsulationThickness,0.03549421206116676
semi,hours_gt26_night,u_windows,0.33585983514785767
semi,hours_gt26_night,g_value,0.6733861565589905
semi,hours_gt26_night,roofAbsorptance,0.1906765252351761
semi,hours_gt26_night,flowCoefficient,0.027012987062335014
semi,hours_gt26_night,wof,0.9205191135406494
semi,hours_gt26_night,fixedShadingDepth,0.18028458952903748
semi,heat_kWh_m2,width,2.8187735080718994
semi,heat_kWh_m2,length,7.053022384643555
semi,heat_kWh_m2,height,1.6996115446090698
semi,heat_kWh_m2,orientation,3.466259002685547
semi,heat_kWh_m2,wwr,28.099328994750977
semi,heat_kWh_m2,wallInsulationThickness,1.1658869981765747
semi,heat_kWh_m2,roofInsulationThickness,0.8568086624145508
semi,heat_kWh_m2,slabInsulationThickness,0.2452811896800995
semi,heat_kWh_m2,u_windows,7.1191511154174805
semi,heat_kWh_m2,g_value,14.533226013183594
semi,heat_kWh_m2,roofAbsorptance,1.0230867862701416
semi,heat_kWh_m2,flowCoefficient,0.5456026196479797
semi,heat_kWh_m2,wof,22.038442611694336
semi,heat_kWh_m2,fixedShadingDepth,2.9017765522003174
