archetype,model,target,R2_mean,R2_std,MAE_mean,MAE_std,RMSE_mean,RMSE_std,R2 mean +/- SD,weather
detached,MLP,He_worst,0.9375690725258622,0.0137790515080613,0.0364864866182776,0.0037867376981502,0.0629821874121233,0.0100251688004782,0.938 +/- 0.014,TMYx
detached,MLP,T_op_peak,0.9619304512799352,0.0020464864058383,0.0950055573730468,0.0038740028546077,0.1232228562767776,0.0044333574183235,0.962 +/- 0.002,TMYx
detached,MLP,We_max_worst,0.9439119897485938,0.0058651030666755,0.8857782056229189,0.035402426661275,1.1637750849809183,0.0361439575647726,0.944 +/- 0.006,TMYx
detached,MLP,heat_kWh_m2,0.9676178505243987,0.0083355192353825,10.289522446534349,1.4927344346933693,16.8086594435959,3.7143740239025216,0.968 +/- 0.008,TMYx
detached,MLP,hours_gt26_night,0.6843905464653558,0.0792185931763563,0.6567077818531544,0.0818358054814004,1.8388483106230304,0.3038786311408332,0.684 +/- 0.079,TMYx
detached,RF,He_worst,0.866675636158916,0.0244572658639173,0.0513120374479382,0.0067637445514292,0.0924214655886705,0.0158229311260946,0.867 +/- 0.024,TMYx
detached,RF,T_op_peak,0.9126822626843032,0.0053513043318539,0.1459526623607519,0.008643993961233,0.1867565455875556,0.0112570940646786,0.913 +/- 0.005,TMYx
detached,RF,We_max_worst,0.8939328456879542,0.0067450625491694,1.1737251895338152,0.073002077316614,1.604451932309766,0.1022149089525951,0.894 +/- 0.007,TMYx
detached,RF,heat_kWh_m2,0.8742555236878433,0.0194190752849893,18.397825176030192,1.9465684486113712,33.271996133083036,6.417910401740941,0.874 +/- 0.019,TMYx
detached,RF,hours_gt26_night,0.59720938314029,0.0259372821012155,0.753855620396618,0.0829381506319423,2.096692076259406,0.3214682179740776,0.597 +/- 0.026,TMYx
detached,XGBoost,He_worst,0.9116833540448064,0.0126327644678365,0.0421794525916026,0.0039237730582235,0.0750661287407146,0.0103416437472735,0.912 +/- 0.013,TMYx
detached,XGBoost,T_op_peak,0.9672975523662976,0.0017894618296026,0.0864112264811197,0.0029389568840813,0.114224207733873,0.0048956759931574,0.967 +/- 0.002,TMYx
detached,XGBoost,We_max_worst,0.9358895966176376,0.0047791406890514,0.925985825156172,0.0426805610914444,1.2456723407147992,0.0460405707756706,0.936 +/- 0.005,TMYx
detached,XGBoost,heat_kWh_m2,0.9277467487200224,0.0181833062194973,14.289584924643451,1.7218205061594676,24.97817610462306,4.37154751402185,0.928 +/- 0.018,TMYx
detached,XGBoost,hours_gt26_night,0.6839473463269428,0.0770446201905127,0.6754519255288275,0.0600107212430905,1.829838385394988,0.2010868143875908,0.684 +/- 0.077,TMYx
semi,MLP,He_worst,0.8209013168290425,0.0267938678861462,0.032340937893767,0.0027914088696317,0.0646092645161922,0.0121245049235075,0.821 +/- 0.027,TMYx
semi,MLP,T_op_peak,0.9149510058062562,0.0088043112267419,0.1219411726277668,0.0037310217633088,0.1621711935753779,0.0051018190495318,0.915 +/- 0.009,TMYx
semi,MLP,We_max_worst,0.890910455324013,0.0145497232299871,0.9551185808434772,0.0398592987494118,1.2762894832312144,0.0493770698940948,0.891 +/- 0.015,TMYx
semi,MLP,heat_kWh_m2,0.9168583417305244,0.0095699122334653,10.088201517298126,0.5138455155118491,18.023324893953987,2.1635927230066834,0.917 +/- 0.010,TMYx
semi,MLP,hours_gt26_night,0.6110116474453016,0.0758848112820561,0.5895413620618637,0.0314276764656431,1.3754680063024378,0.2569340647254442,0.611 +/- 0.076,TMYx
semi,RF,He_worst,0.7754426401510276,0.0290589751439021,0.0361521544436556,0.0045553651897317,0.0725927281032619,0.0142175090565424,0.775 +/- 0.029,TMYx
semi,RF,T_op_peak,0.8675309847028052,0.0109333857735805,0.1552497129906252,0.0065976339845802,0.202625809305154,0.0085468364683526,0.868 +/- 0.011,TMYx
semi,RF,We_max_worst,0.8425301628956486,0.018666647615692,1.119337380270384,0.0671880529777522,1.5369124624288055,0.1061299042891223,0.843 +/- 0.019,TMYx
semi,RF,heat_kWh_m2,0.8152196081138927,0.0343421293294613,13.739366516983631,1.2241117172637352,27.04769032328013,5.396365744274702,0.815 +/- 0.034,TMYx
semi,RF,hours_gt26_night,0.5445070718192713,0.063072012592962,0.6271003379593797,0.0477884255233788,1.4887392177596197,0.2386568693322867,0.545 +/- 0.063,TMYx
semi,XGBoost,He_worst,0.844746329597373,0.0170705520273517,0.0312000634210825,0.0031344859077763,0.06028270359598,0.0110008320509089,0.845 +/- 0.017,TMYx
semi,XGBoost,T_op_peak,0.9564379650127058,0.0045378809693751,0.0875534892578124,0.005599125761242,0.1161969973870089,0.0073063801729356,0.956 +/- 0.005,TMYx
semi,XGBoost,We_max_worst,0.9031513749420284,0.0133153139192515,0.8866709470885494,0.0634138085862236,1.204610834896934,0.0886274484227458,0.903 +/- 0.013,TMYx
semi,XGBoost,heat_kWh_m2,0.8917882380406933,0.0106575288886021,10.625495257109325,0.884002261960158,20.643107947521575,3.0019107905785543,0.892 +/- 0.011,TMYx
semi,XGBoost,hours_gt26_night,0.6661148403490301,0.0358211823495076,0.5466750589525328,0.0391073833314301,1.2722889442473415,0.1784258108204127,0.666 +/- 0.036,TMYx
detached,MLP,He_worst,0.898547266778077,0.022860496736816,0.0504676261745452,0.0052048691712481,0.1068200108385464,0.0161647519799833,0.899 +/- 0.023,DSY1
detached,MLP,T_op_peak,0.9771508030570628,0.00398397402529,0.0572309072062172,0.0024046131367667,0.0785426107989409,0.0050144869570794,0.977 +/- 0.004,DSY1
detached,MLP,We_max_worst,0.956580405604065,0.0067598947270416,0.9435818354288736,0.1010043936504379,1.218114697620108,0.1104452042141949,0.957 +/- 0.007,DSY1
detached,MLP,heat_kWh_m2,0.9603784859302096,0.008595182721288,9.006847506533305,1.1498000526200425,15.540917227824943,3.411791818213445,0.960 +/- 0.009,DSY1
detached,MLP,hours_gt26_night,0.799398968271295,0.0675411872676089,1.58908491897583,0.1621126027617133,3.912119962645703,0.9692412191429391,0.799 +/- 0.068,DSY1
detached,RF,He_worst,0.8544656270943716,0.0214189394011699,0.0680417501092676,0.0047418318959049,0.128056632229168,0.0133496010281265,0.854 +/- 0.021,DSY1
detached,RF,T_op_peak,0.9187696257307184,0.0038410820712736,0.1151281260263166,0.0063496003340001,0.148876194709207,0.0074842843307886,0.919 +/- 0.004,DSY1
detached,RF,We_max_worst,0.8942479626748762,0.008910908250966,1.4516461696031702,0.1143760624501721,1.9048823583868335,0.1315830483117121,0.894 +/- 0.009,DSY1
detached,RF,heat_kWh_m2,0.8638166609833539,0.0154455311702722,15.82887386524988,1.655887279775919,28.803905229166627,4.939204556077441,0.864 +/- 0.015,DSY1
detached,RF,hours_gt26_night,0.7025012172456858,0.0262915354530473,2.0227652461902523,0.0766589596624622,4.797275224519916,0.6631943854634741,0.703 +/- 0.026,DSY1
detached,XGBoost,He_worst,0.9084222105159584,0.0109302143978929,0.0507396717230478,0.0044371475593587,0.1016522362750513,0.0095573044990405,0.908 +/- 0.011,DSY1
detached,XGBoost,T_op_peak,0.9767519626329946,0.0030194333283694,0.059391396952311,0.0039745692766548,0.079539994534504,0.006177012003796,0.977 +/- 0.003,DSY1
detached,XGBoost,We_max_worst,0.9451666637134846,0.0044112596628593,1.0555994771321615,0.0723794698250934,1.3715155393300562,0.0888275263033284,0.945 +/- 0.004,DSY1
detached,XGBoost,heat_kWh_m2,0.926408231646661,0.0053065787665726,11.73249621179301,1.1653960282370064,21.111943824819143,2.8548538822318217,0.926 +/- 0.005,DSY1
detached,XGBoost,hours_gt26_night,0.7990829460659665,0.0517968755656442,1.622141642888387,0.1088993879553235,3.901893850904536,0.6003372517222317,0.799 +/- 0.052,DSY1
semi,MLP,He_worst,0.9080760501823544,0.01134891699874,0.0491152190949121,0.002800678955904,0.0824507795092766,0.0069614243091696,0.908 +/- 0.011,DSY1
semi,MLP,T_op_peak,0.950849617309646,0.0107312987784514,0.0935908328755695,0.0111633794991095,0.1320386830419446,0.0170046138743523,0.951 +/- 0.011,DSY1
semi,MLP,We_max_worst,0.930401096816196,0.0135475297731145,1.2177349853515629,0.115122142013409,1.583550064407916,0.1564570485198629,0.930 +/- 0.014,DSY1
semi,MLP,heat_kWh_m2,0.932540707975998,0.0163128230672898,6.845877157536887,0.4355990915735703,13.307505371081916,2.8715271330594323,0.933 +/- 0.016,DSY1
semi,MLP,hours_gt26_night,0.825756690490355,0.0354953297242205,1.4602619161605834,0.0792815499092208,2.8209695528444465,0.4514786546709562,0.826 +/- 0.035,DSY1
semi,RF,He_worst,0.8387239806622336,0.0198660474124369,0.0688133549763274,0.0037411537781231,0.1091619428795244,0.0083283921878564,0.839 +/- 0.020,DSY1
semi,RF,T_op_peak,0.8892057017657669,0.0040330213440076,0.1519462330899107,0.0065468529795854,0.1990177396681779,0.0097532521645834,0.889 +/- 0.004,DSY1
semi,RF,We_max_worst,0.8610739662423379,0.0089883095382594,1.7197297116844132,0.0870652632564293,2.2465750780235236,0.1199113439821938,0.861 +/- 0.009,DSY1
semi,RF,heat_kWh_m2,0.8133010854693099,0.0338524781343943,11.36064664282618,0.8822968998505335,22.2316536648027,4.587100605967992,0.813 +/- 0.034,DSY1
semi,RF,hours_gt26_night,0.6860989534598863,0.031831274705423,1.9926913336089616,0.0651701029001825,3.785271228622687,0.3436003150020466,0.686 +/- 0.032,DSY1
semi,XGBoost,He_worst,0.9084907798591616,0.0218912251384176,0.0493424990180333,0.0041858940527772,0.0819003958942204,0.0103162376185508,0.908 +/- 0.022,DSY1
semi,XGBoost,T_op_peak,0.9652924398428048,0.0034912009844586,0.0815006049601236,0.0047357553493995,0.1113518510178479,0.0084154505044623,0.965 +/- 0.003,DSY1
semi,XGBoost,We_max_worst,0.93290363373422,0.0045832380832028,1.2231551424662273,0.0569952283038615,1.5605144252910546,0.065057351220945,0.933 +/- 0.005,DSY1
semi,XGBoost,heat_kWh_m2,0.8860032842415357,0.0145102170923183,8.841207334697469,0.7679125594488996,17.302682453863035,2.760414462935892,0.886 +/- 0.015,DSY1
semi,XGBoost,hours_gt26_night,0.8063769550081569,0.0273850675813887,1.5103109423319498,0.0487907458806109,2.9716708255821715,0.3135906387264023,0.806 +/- 0.027,DSY1
