archetype,target,n,mean_TMYx,mean_DSY1,mean_DSY1_minus_TMYx,median_DSY1_minus_TMYx,mean_absolute_change,p95_absolute_change,maximum_absolute_change,increased,decreased
detached,He_worst,2000,0.1676212,1.5600216,1.3924004,1.3889,1.3924004,1.5523,2.9412000000000003,2000,0
detached,We_max_worst,2000,6.962,44.0465,37.0845,37.0,37.0845,40.0,43.0,2000,0
detached,T_op_peak,2000,29.5524365,34.2155405,4.663104000000001,4.715,4.663104000000001,4.991050000000003,5.108000000000004,2000,0
detached,hours_gt26_night,2000,1.381,18.2575,16.8765,16.0,16.8765,25.0,84.0,2000,0
detached,heat_kWh_m2,2000,104.16218685,91.51369774999999,-12.648489099999999,-7.2096500000000034,13.2822958,46.77609000000003,100.30150000000003,350,1650
detached,hours_C3_worst,2000,0.0,6.786,6.786,5.0,6.786,17.0,39.0,1969,0
detached,hours_gt26_night_annual,2000,2.2395,18.991,16.7515,16.0,16.7515,25.0,64.0,2000,0
semi,He_worst,2000,0.0777644,1.40197075,1.3242063499999999,1.3344,1.3242063499999999,1.5522999999999998,2.6688,2000,0
semi,We_max_worst,2000,4.3855,39.936,35.5505,36.0,35.5505,41.0,44.0,2000,0
semi,T_op_peak,2000,29.1870125,33.802324999999996,4.6153125,4.676499999999999,4.6153125,5.120050000000004,5.280000000000005,2000,0
semi,hours_gt26_night,2000,0.9815,17.659,16.6775,16.0,16.6775,26.0,61.0,2000,0
semi,heat_kWh_m2,2000,70.30640355,61.234479650000004,-9.0719239,-4.980350000000003,9.488042499999999,33.542139999999996,109.45100000000002,307,1693
semi,hours_C3_worst,2000,0.0,4.2825,4.2825,4.0,4.2825,9.0,29.0,1822,0
semi,hours_gt26_night_annual,2000,1.9005,18.3275,16.427,16.0,16.439,25.0,52.0,1999,1
