weather,cohort,target,n,original_mean_semi_minus_detached,corrected_mean_semi_minus_detached,old_semi_lower_count,new_semi_lower_count,paired_contrast_sign_changes
DSY1,random64,He_worst,64,-0.1276484375,-0.15574375000000001,59,60,8
DSY1,random64,We_max_worst,64,-3.140625,-4.578125,58,57,13
DSY1,random64,T_op_peak,64,-0.2693593750000006,-0.46306250000000015,64,64,0
DSY1,random64,hours_gt26_night,64,0.03125,-0.203125,20,28,38
DSY1,random64,heat_kWh_m2,64,-29.49814375,-32.4009328125,64,64,0
DSY1,stress16,He_worst,16,-0.5072375,-0.48339374999999996,16,16,0
DSY1,stress16,We_max_worst,16,-4.9375,-6.0,16,16,0
DSY1,stress16,T_op_peak,16,-0.4114374999999999,-0.5458125000000003,16,16,0
DSY1,stress16,hours_gt26_night,16,-8.25,-12.3125,10,10,7
DSY1,stress16,heat_kWh_m2,16,-63.855774999999994,-76.99021875,16,16,0
TMYx,random64,He_worst,64,-0.12085468749999999,-0.091484375,51,35,22
TMYx,random64,We_max_worst,64,-2.59375,-2.375,51,47,18
TMYx,random64,T_op_peak,64,-0.35846875000000006,-0.36659374999999966,64,63,1
TMYx,random64,hours_gt26_night,64,0.421875,-0.265625,4,17,27
TMYx,random64,heat_kWh_m2,64,-35.654010937500004,-36.43285625,64,64,0
TMYx,stress16,He_worst,16,-0.3267875,-0.3795625,13,15,2
TMYx,stress16,We_max_worst,16,-5.0,-5.0,14,14,2
TMYx,stress16,T_op_peak,16,-0.5213124999999996,-0.5314375,16,16,0
TMYx,stress16,hours_gt26_night,16,-3.3125,-5.625,7,9,8
TMYx,stress16,heat_kWh_m2,16,-75.65608749999998,-83.3869875,16,16,0
