weather,archetype,variant,cohort,target,unit,n,baseline_mean,modified_mean,mean_change,median_change,mean_absolute_change,paired_rmse,p95_absolute_change,max_absolute_change,max_change_run_id,increased,decreased,unchanged,spearman_old_new
DSY1,detached,combined,random64,He_worst,percentage points,64,1.7242031249999998,1.5399578125,-0.18424531249999998,-0.1634,0.18424531249999998,0.21772668395548117,0.4044049999999999,0.7352999999999996,run_1248,0,64,0,0.9873305920298173
DSY1,detached,combined,random64,We_max_worst,stepped proxy units,64,48.890625,43.875,-5.015625,-5.0,5.015625,5.375,8.0,9.0,run_0092,0,64,0,0.9591303964341598
DSY1,detached,combined,random64,T_op_peak,deg C,64,34.735328125,34.172265625,-0.5630625000000006,-0.5604999999999976,0.5630625000000006,0.5656951199630422,0.6583500000000032,0.7850000000000037,run_1391,0,64,0,0.9921699711525253
DSY1,detached,combined,random64,hours_gt26_night,hours,64,15.296875,17.796875,2.5,3.0,3.0625,3.570714214271425,6.0,9.0,run_1248,55,6,3,0.9183227775729205
DSY1,detached,combined,random64,heat_kWh_m2,kWh/m2/year,64,95.77095937499999,92.9890921875,-2.7818671874999987,-1.704749999999997,2.850398437499999,4.450097312506911,8.711709999999986,18.738400000000013,run_1866,5,59,0,0.997481684981685
DSY1,detached,combined,random64,hours_C3_worst,hours,64,11.546875,6.96875,-4.578125,-3.0,4.578125,5.816195062065921,11.0,15.0,run_1274,0,62,2,0.9514692007628457
DSY1,detached,combined,random64,hours_gt26_night_annual,hours,64,15.71875,17.84375,2.125,3.0,3.25,3.75,6.0,11.0,run_1248,54,9,1,0.914018235585948
DSY1,detached,combined,stress16,He_worst,percentage points,16,2.75225625,2.47991875,-0.2723375,-0.19065,0.2723375,0.3236653518682529,0.551525,0.6536,run_0239,0,16,0,0.9882179675994109
DSY1,detached,combined,stress16,We_max_worst,stepped proxy units,16,58.25,53.375,-4.875,-5.0,4.875,5.123475382979799,7.25,8.0,run_0628,0,16,0,0.9785346870111349
DSY1,detached,combined,stress16,T_op_peak,deg C,16,35.458625,34.90375,-0.5548749999999996,-0.5554999999999986,0.5548749999999996,0.5576516609856009,0.652750000000001,0.6820000000000022,run_1416,0,16,0,0.9823529411764705
DSY1,detached,combined,stress16,hours_gt26_night,hours,16,37.9375,45.5,7.5625,5.0,7.9375,11.437329233697874,26.25,27.0,run_0768,13,1,2,0.9740872399002198
DSY1,detached,combined,stress16,heat_kWh_m2,kWh/m2/year,16,218.0770875,223.3645,5.287412499999998,-0.345950000000002,8.138874999999999,13.817618284458424,32.238,34.22129999999993,run_0241,6,10,0,1.0
DSY1,detached,combined,stress16,hours_C3_worst,hours,16,27.4375,17.8125,-9.625,-9.0,9.625,11.368817000902073,20.75,23.0,run_1506,0,16,0,0.9460867041876253
DSY1,detached,combined,stress16,hours_gt26_night_annual,hours,16,57.5,72.5625,15.0625,6.5,15.6875,24.44509153183927,51.0,60.0,run_0768,13,2,1,0.9696286958844252
DSY1,detached,interfloor,random64,He_worst,percentage points,64,1.7242031249999998,1.5352781249999998,-0.188925,-0.1634,0.188925,0.2228018542337563,0.4083999999999999,0.7352999999999996,run_1248,0,64,0,0.9851580708257641
DSY1,detached,interfloor,random64,We_max_worst,stepped proxy units,64,48.890625,43.84375,-5.046875,-5.0,5.046875,5.3779061910747386,8.0,9.0,run_0092,0,64,0,0.965723015044974
DSY1,detached,interfloor,random64,T_op_peak,deg C,64,34.735328125,34.1771875,-0.5581406250000005,-0.5584999999999987,0.5581406250000005,0.5602360969939375,0.6219999999999999,0.7259999999999991,run_0169,0,64,0,0.9927196138044325
DSY1,detached,interfloor,random64,hours_gt26_night,hours,64,15.296875,17.65625,2.359375,2.0,2.953125,3.5333235062756425,6.0,10.0,run_1248,55,7,2,0.9195324154423293
DSY1,detached,interfloor,random64,heat_kWh_m2,kWh/m2/year,64,95.77095937499999,93.57569687499999,-2.1952625,-1.4654000000000025,2.2768968749999994,3.340277230027098,6.472784999999997,11.242100000000022,run_1866,5,59,0,0.9978479853479854
DSY1,detached,interfloor,random64,hours_C3_worst,hours,64,11.546875,6.921875,-4.625,-3.0,4.625,5.989574275355469,12.0,15.0,run_1274,0,61,3,0.9528712745371456
DSY1,detached,interfloor,random64,hours_gt26_night_annual,hours,64,15.71875,17.6875,1.96875,2.0,3.15625,3.7416573867739413,6.0,12.0,run_1248,54,9,1,0.9155602680704867
DSY1,detached,interfloor,stress16,He_worst,percentage points,16,2.75225625,2.47990625,-0.27235,-0.19069999999999998,0.27235,0.32524665832257216,0.558325,0.6807999999999996,run_0239,0,16,0,0.9852724594992637
DSY1,detached,interfloor,stress16,We_max_worst,stepped proxy units,16,58.25,53.375,-4.875,-5.0,4.875,5.123475382979799,7.25,8.0,run_0628,0,16,0,0.9785346870111349
DSY1,detached,interfloor,stress16,T_op_peak,deg C,16,35.458625,34.917875,-0.5407499999999996,-0.5365000000000002,0.5407499999999996,0.543117620778409,0.6162500000000026,0.6950000000000003,run_1416,0,16,0,0.9823529411764705
DSY1,detached,interfloor,stress16,hours_gt26_night,hours,16,37.9375,44.0,6.0625,4.5,6.8125,9.324028099485759,21.25,22.0,run_0239,14,2,0,0.9674339491692794
DSY1,detached,interfloor,stress16,heat_kWh_m2,kWh/m2/year,16,218.0770875,223.61616249999997,5.539075000000002,-0.33360000000000056,8.135737500000003,14.225934181847247,33.117699999999985,33.452800000000025,run_1506,6,10,0,1.0
DSY1,detached,interfloor,stress16,hours_C3_worst,hours,16,27.4375,17.875,-9.5625,-9.0,9.5625,11.37156541554416,20.75,23.0,run_1506,0,16,0,0.9385704545257514
DSY1,detached,interfloor,stress16,hours_gt26_night_annual,hours,16,57.5,70.625,13.125,5.5,13.75,21.233817367586074,42.75,48.0,run_0768,13,1,2,0.958509100748136
DSY1,detached,shade_off,random64,He_worst,percentage points,64,1.7242031249999998,1.9284531249999999,0.20425000000000001,0.1361000000000001,0.20425000000000001,0.2755899586568785,0.6536,0.7081,run_1560,64,0,0,0.9840657225104216
DSY1,detached,shade_off,random64,We_max_worst,stepped proxy units,64,48.890625,54.328125,5.4375,5.0,5.4375,6.557438524302,12.0,17.0,run_1268,60,0,4,0.973506665076924
DSY1,detached,shade_off,random64,T_op_peak,deg C,64,34.735328125,35.159,0.42367187500000003,0.3475000000000037,0.42367187500000003,0.5033265124399863,0.9073499999999992,1.2409999999999997,run_1590,64,0,0,0.9730763069470214
DSY1,detached,shade_off,random64,hours_gt26_night,hours,64,15.296875,17.828125,2.53125,2.0,2.53125,3.427827300200522,7.849999999999994,8.0,run_1268,51,0,13,0.9599789148205448
DSY1,detached,shade_off,random64,heat_kWh_m2,kWh/m2/year,64,95.77095937499999,95.9610984375,0.19013906250000018,0.1238999999999919,0.3985796874999991,0.5713914640211646,1.178340000000004,1.8577000000000226,run_1209,45,19,0,0.9997710622710623
DSY1,detached,shade_off,random64,hours_C3_worst,hours,64,11.546875,18.953125,7.40625,7.5,7.40625,9.648510247701456,16.849999999999994,20.0,run_1851,58,0,6,0.965648551307113
DSY1,detached,shade_off,random64,hours_gt26_night_annual,hours,64,15.71875,18.328125,2.609375,2.0,2.609375,3.625,8.0,10.0,run_1644,50,0,14,0.9589329298856984
DSY1,detached,shade_off,stress16,He_worst,percentage points,16,2.75225625,3.2816,0.5293437499999999,0.3676499999999999,0.5293437499999999,0.6723115437615212,1.21875,1.3617,run_0239,16,0,0,0.9933777523776267
DSY1,detached,shade_off,stress16,We_max_worst,stepped proxy units,16,58.25,67.875,9.625,10.0,9.625,10.914439976471536,17.0,20.0,run_1506,16,0,0,0.9652890885036896
DSY1,detached,shade_off,stress16,T_op_peak,deg C,16,35.458625,36.17425,0.7156249999999997,0.7749999999999986,0.7156249999999997,0.7789144689887333,1.0924999999999994,1.1030000000000015,run_0239,16,0,0,0.9764705882352941
DSY1,detached,shade_off,stress16,hours_gt26_night,hours,16,37.9375,45.875,7.9375,6.5,7.9375,9.852030247619016,16.5,18.0,run_0239,15,0,1,0.9779097497947906
DSY1,detached,shade_off,stress16,heat_kWh_m2,kWh/m2/year,16,218.0770875,221.0964125,3.019325000000004,0.6732000000000014,3.1508750000000054,5.5843082295392765,12.692450000000008,13.377200000000016,run_1214,12,4,0,1.0
DSY1,detached,shade_off,stress16,hours_C3_worst,hours,16,27.4375,44.5,17.0625,15.0,17.0625,19.73100352237564,31.25,32.0,run_0239,16,0,0,0.9727342361190475
DSY1,detached,shade_off,stress16,hours_gt26_night_annual,hours,16,57.5,81.5,24.0,6.5,24.0,38.532453853861945,82.25,83.0,run_1506,15,0,1,0.9845477279120478
DSY1,detached,vent_rotation,random64,He_worst,percentage points,64,1.7242031249999998,1.7263281249999998,0.0021250000000000054,0.0,0.008087499999999987,0.017027514498599003,0.02729999999999988,0.05449999999999999,run_1248,10,6,48,0.9982206491499994
DSY1,detached,vent_rotation,random64,We_max_worst,stepped proxy units,64,48.890625,48.96875,0.078125,0.0,0.203125,0.5153882032022076,1.0,2.0,run_0169,7,4,53,0.9969781934834702
DSY1,detached,vent_rotation,random64,T_op_peak,deg C,64,34.735328125,34.730031249999996,-0.005296875000000312,-0.004000000000001336,0.020953125000000017,0.02981636505343964,0.05669999999999574,0.10500000000000398,run_1391,24,37,3,0.9968748927470696
DSY1,detached,vent_rotation,random64,hours_gt26_night,hours,64,15.296875,15.328125,0.03125,0.0,0.3125,0.6373774391990981,1.0,2.0,run_0785,9,8,47,0.9921460382046923
DSY1,detached,vent_rotation,random64,heat_kWh_m2,kWh/m2/year,64,95.77095937499999,95.1024453125,-0.6685140625000001,-0.21600000000000108,0.8202765625000005,1.6427956279331442,3.3888050000000027,7.207899999999995,run_1209,14,50,0,0.9993131868131868
DSY1,detached,vent_rotation,random64,hours_C3_worst,hours,64,11.546875,11.59375,0.046875,0.0,0.265625,0.57282196186948,1.0,2.0,run_0298,9,6,49,0.9958179208882745
DSY1,detached,vent_rotation,random64,hours_gt26_night_annual,hours,64,15.71875,15.765625,0.046875,0.0,0.328125,0.673145600891813,1.8499999999999943,2.0,run_0785,9,8,47,0.9924015196253018
DSY1,detached,vent_rotation,stress16,He_worst,percentage points,16,2.75225625,2.7709687499999998,0.018712500000000007,0.0,0.018712500000000007,0.03264293568293153,0.08170000000000022,0.08170000000000055,run_1506,7,0,9,0.9992644353546793
DSY1,detached,vent_rotation,stress16,We_max_worst,stepped proxy units,16,58.25,58.25,0.0,0.0,0.25,0.6123724356957945,1.25,2.0,run_1199,2,1,13,0.997788423389337
DSY1,detached,vent_rotation,stress16,T_op_peak,deg C,16,35.458625,35.449937500000004,-0.008687499999999737,-0.005000000000002558,0.014687500000000853,0.021878928218723386,0.052250000000000796,0.06200000000000472,run_0029,5,11,0,0.9882352941176471
DSY1,detached,vent_rotation,stress16,hours_gt26_night,hours,16,37.9375,37.6875,-0.25,0.0,0.875,1.620185174601965,3.5,5.0,run_0239,3,4,9,1.0
DSY1,detached,vent_rotation,stress16,heat_kWh_m2,kWh/m2/year,16,218.0770875,218.40055625000002,0.3234687499999991,-0.08065000000000211,1.5826937500000051,2.9046089849797414,5.930950000000024,9.445600000000013,run_0241,5,11,0,1.0
DSY1,detached,vent_rotation,stress16,hours_C3_worst,hours,16,27.4375,27.25,-0.1875,0.0,0.3125,0.5590169943749475,1.0,1.0,run_0029,1,4,11,0.999263351649567
DSY1,detached,vent_rotation,stress16,hours_gt26_night_annual,hours,16,57.5,56.9375,-0.5625,0.0,1.4375,2.436698586202241,4.75,7.0,run_0239,3,5,8,0.9985272459499264
DSY1,semi,attic_party,random64,He_worst,percentage points,64,1.5965546874999998,1.5948546874999998,-0.0017000000000000105,0.0,0.008512500000000003,0.01736119955533028,0.027300000000000067,0.0817000000000001,run_1865,8,10,46,0.9971057864307752
DSY1,semi,attic_party,random64,We_max_worst,stepped proxy units,64,45.75,45.734375,-0.015625,0.0,0.046875,0.21650635094610965,0.0,1.0,run_1083,1,2,61,0.9989360826976532
DSY1,semi,attic_party,random64,T_op_peak,deg C,64,34.46596875,34.464671875,-0.0012968750000000862,-0.0004999999999988347,0.0035468750000003935,0.008807844514976982,0.009849999999998355,0.05600000000000449,run_1274,17,32,15,0.9998053963130892
DSY1,semi,attic_party,random64,hours_gt26_night,hours,64,15.328125,15.25,-0.078125,0.0,0.140625,0.375,1.0,1.0,run_0169,2,7,55,0.9936646348805774
DSY1,semi,attic_party,random64,heat_kWh_m2,kWh/m2/year,64,66.272815625,66.326071875,0.053256249999999034,-0.011199999999998766,0.3801281249999998,0.6353903593461244,1.1909449999999993,3.275699999999972,run_0015,31,33,0,0.999496336996337
DSY1,semi,attic_party,random64,hours_C3_worst,hours,64,8.171875,8.125,-0.046875,0.0,0.078125,0.33071891388307384,0.8499999999999943,2.0,run_0063,1,3,60,0.9982190450696558
DSY1,semi,attic_party,random64,hours_gt26_night_annual,hours,64,15.71875,15.640625,-0.078125,0.0,0.171875,0.414578098794425,1.0,1.0,run_0015,3,8,53,0.9932690934605461
DSY1,semi,attic_party,stress16,He_worst,percentage points,16,2.24501875,2.245025,6.250000000027067e-06,0.0,0.017006250000000014,0.027218755022961675,0.04082500000000011,0.0817000000000001,run_0241,3,5,8,0.9992644353546793
DSY1,semi,attic_party,stress16,We_max_worst,stepped proxy units,16,53.3125,53.3125,0.0,0.0,0.0,0.0,0.0,0.0,run_0000,0,0,16,1.0
DSY1,semi,attic_party,stress16,T_op_peak,deg C,16,35.04718750000001,35.0461875,-0.001000000000000334,-0.0010000000000012221,0.002375000000000682,0.003708099243547932,0.008500000000001506,0.00999999999999801,run_1199,2,9,5,0.9904344108891003
DSY1,semi,attic_party,stress16,hours_gt26_night,hours,16,29.6875,29.6875,0.0,0.0,1.0,1.4142135623730951,2.5,4.0,run_0239,7,4,5,0.9911332568042316
DSY1,semi,attic_party,stress16,heat_kWh_m2,kWh/m2/year,16,154.2213125,154.3409,0.11958749999999929,-0.0027500000000024727,0.6942750000000006,0.998798249773196,2.1956500000000077,2.434299999999979,run_1521,8,8,0,1.0
DSY1,semi,attic_party,stress16,hours_C3_worst,hours,16,17.3125,17.125,-0.1875,0.0,0.1875,0.4330127018922193,1.0,1.0,run_0492,0,3,13,0.9970085062474919
DSY1,semi,attic_party,stress16,hours_gt26_night_annual,hours,16,44.875,44.6875,-0.1875,0.0,1.4375,2.4109126902482387,4.25,8.0,run_0239,6,5,5,0.995575221238938
DSY1,semi,combined,random64,He_worst,percentage points,64,1.5965546874999998,1.3842140625,-0.212340625,-0.1906000000000001,0.212340625,0.23656137020866277,0.4316199999999998,0.5173999999999999,run_1248,0,64,0,0.9701521550453093
DSY1,semi,combined,random64,We_max_worst,stepped proxy units,64,45.75,39.296875,-6.453125,-6.0,6.453125,7.188315171164938,12.0,15.0,run_0499,0,64,0,0.893859447477744
DSY1,semi,combined,random64,T_op_peak,deg C,64,34.46596875,33.709203125,-0.7567656250000001,-0.5925000000000011,0.7567656250000001,0.8180687146413803,1.332100000000005,1.658999999999999,run_0499,0,64,0,0.9231209505712127
DSY1,semi,combined,random64,hours_gt26_night,hours,64,15.328125,17.59375,2.265625,2.0,3.015625,3.616369035372358,7.0,9.0,run_1268,52,8,4,0.8694593871490595
DSY1,semi,combined,random64,heat_kWh_m2,kWh/m2/year,64,66.272815625,60.588159375,-5.6846562500000015,-3.0892500000000016,5.687884375000001,9.259711221232823,20.972425,35.0334,run_1274,2,62,0,0.9925366300366301
DSY1,semi,combined,random64,hours_C3_worst,hours,64,8.171875,4.25,-3.921875,-3.0,3.921875,4.78114787472632,9.699999999999989,14.0,run_1590,0,62,2,0.8687084447672108
DSY1,semi,combined,random64,hours_gt26_night_annual,hours,64,15.71875,17.671875,1.953125,2.0,3.140625,3.760402239122831,7.0,9.0,run_1248,50,10,4,0.864417095661996
DSY1,semi,combined,stress16,He_worst,percentage points,16,2.24501875,1.996525,-0.24849374999999996,-0.20424999999999993,0.24849374999999996,0.2825187018145878,0.49702500000000016,0.5175000000000001,run_1941,0,16,0,0.991899852724595
DSY1,semi,combined,stress16,We_max_worst,stepped proxy units,16,53.3125,47.375,-5.9375,-6.0,5.9375,6.398241946034863,9.5,11.0,run_1199,0,16,0,0.946633633546228
DSY1,semi,combined,stress16,T_op_peak,deg C,16,35.04718750000001,34.3579375,-0.6892499999999999,-0.5930000000000035,0.6892499999999999,0.7257118918689422,1.1874999999999982,1.2459999999999951,run_1199,0,16,0,0.9580576545153111
DSY1,semi,combined,stress16,hours_gt26_night,hours,16,29.6875,33.1875,3.5,3.0,6.125,7.697402159170326,16.0,16.0,run_0239,13,3,0,0.9579066910833969
DSY1,semi,combined,stress16,heat_kWh_m2,kWh/m2/year,16,154.2213125,146.37428125000002,-7.847031250000002,-2.012699999999999,8.496168750000004,16.836225453709194,36.79012500000002,57.39360000000005,run_1506,3,13,0,0.9970588235294118
DSY1,semi,combined,stress16,hours_C3_worst,hours,16,17.3125,9.8125,-7.5,-7.5,7.5,8.782084035125148,15.5,17.0,run_1506,0,16,0,0.9531811911224979
DSY1,semi,combined,stress16,hours_gt26_night_annual,hours,16,44.875,52.375,7.5,3.0,12.25,18.530380460206423,43.25,47.0,run_0239,13,3,0,0.9646281174847221
DSY1,semi,interfloor,random64,He_worst,percentage points,64,1.5965546874999998,1.3986843749999998,-0.1978703125,-0.1634,0.1978703125,0.2264476508903327,0.45482499999999976,0.5718999999999999,run_1248,0,64,0,0.9693314184327335
DSY1,semi,interfloor,random64,We_max_worst,stepped proxy units,64,45.75,40.3125,-5.4375,-5.5,5.4375,5.926634795564849,9.0,10.0,run_1295,0,64,0,0.9312404314964425
DSY1,semi,interfloor,random64,T_op_peak,deg C,64,34.46596875,33.90940625,-0.5565625000000003,-0.5500000000000007,0.5565625000000003,0.5601212480347451,0.6595999999999992,0.7550000000000026,run_0169,0,64,0,0.9938872226928273
DSY1,semi,interfloor,random64,hours_gt26_night,hours,64,15.328125,17.390625,2.0625,2.0,3.03125,3.553167600887974,6.0,9.0,run_1248,54,7,3,0.8786654928437585
DSY1,semi,interfloor,random64,heat_kWh_m2,kWh/m2/year,64,66.272815625,64.78553281250001,-1.4872828125000002,-1.0061500000000017,1.5538421875,2.2201084587455977,4.779885000000012,6.902299999999997,run_1757,8,56,0,0.9983058608058608
DSY1,semi,interfloor,random64,hours_C3_worst,hours,64,8.171875,4.578125,-3.59375,-3.0,3.59375,4.503470883662955,10.0,13.0,run_1590,0,62,2,0.929990155903558
DSY1,semi,interfloor,random64,hours_gt26_night_annual,hours,64,15.71875,17.4375,1.71875,2.0,3.25,3.8201766974840314,6.0,11.0,run_1248,53,10,1,0.8743254445263888
DSY1,semi,interfloor,stress16,He_worst,percentage points,16,2.24501875,1.99653125,-0.24848749999999997,-0.1906000000000001,0.24848749999999997,0.2889954930444417,0.5310249999999999,0.5718999999999999,run_1941,0,16,0,0.9867452135493373
DSY1,semi,interfloor,stress16,We_max_worst,stepped proxy units,16,53.3125,48.0,-5.3125,-6.0,5.3125,5.618051263561058,8.0,8.0,run_0132,0,16,0,0.9319045921933171
DSY1,semi,interfloor,stress16,T_op_peak,deg C,16,35.04718750000001,34.4955,-0.5516875000000003,-0.5455000000000005,0.5516875000000003,0.5555759961517419,0.6637500000000003,0.6780000000000044,run_0768,0,16,0,0.9595293252595742
DSY1,semi,interfloor,stress16,hours_gt26_night,hours,16,29.6875,33.375,3.6875,3.5,6.4375,8.173891362135908,15.25,19.0,run_0239,13,3,0,0.9518518518518518
DSY1,semi,interfloor,stress16,heat_kWh_m2,kWh/m2/year,16,154.2213125,155.70293750000002,1.4816249999999989,-0.12329999999999686,3.295800000000002,5.715816282037065,12.354324999999989,17.785300000000007,run_0241,4,12,0,1.0
DSY1,semi,interfloor,stress16,hours_C3_worst,hours,16,17.3125,9.9375,-7.375,-7.5,7.375,8.8670739254841,15.75,18.0,run_1506,0,16,0,0.948392187488237
DSY1,semi,interfloor,stress16,hours_gt26_night_annual,hours,16,44.875,52.125,7.25,4.0,11.625,17.12819313296064,39.5,44.0,run_0239,13,3,0,0.964525652594722
DSY1,semi,shade_off,random64,He_worst,percentage points,64,1.5965546874999998,1.7646281249999998,0.1680734375,0.1089,0.1680734375,0.2387456121978999,0.5365249999999995,0.8714,run_1268,62,0,2,0.9752280638419178
DSY1,semi,shade_off,random64,We_max_worst,stepped proxy units,64,45.75,49.75,4.0,3.0,4.0,5.264859922163172,11.0,14.0,run_1268,53,0,11,0.9647736695366623
DSY1,semi,shade_off,random64,T_op_peak,deg C,64,34.46596875,34.7940625,0.3280937500000005,0.2585000000000015,0.3280937500000005,0.4050189810366922,0.7563499999999964,1.1580000000000013,run_1590,64,0,0,0.9696650564344422
DSY1,semi,shade_off,random64,hours_gt26_night,hours,64,15.328125,17.609375,2.28125,1.0,2.34375,3.5355339059327378,6.0,12.0,run_1268,44,2,18,0.9300641416540758
DSY1,semi,shade_off,random64,heat_kWh_m2,kWh/m2/year,64,66.272815625,66.52855468749999,0.25573906249999867,0.006550000000002498,0.4715796874999984,0.9770614942744081,1.9604949999999957,4.632399999999961,run_1248,32,32,0,0.9992216117216117
DSY1,semi,shade_off,random64,hours_C3_worst,hours,64,8.171875,12.765625,4.59375,2.0,4.59375,7.441438033068608,16.0,18.0,run_1590,41,0,23,0.9534594919254803
DSY1,semi,shade_off,random64,hours_gt26_night_annual,hours,64,15.71875,18.296875,2.578125,1.0,2.640625,4.470388685561916,8.549999999999983,22.0,run_1248,44,2,18,0.9306428097248942
DSY1,semi,shade_off,stress16,He_worst,percentage points,16,2.24501875,2.66033125,0.4153125,0.32675,0.4153125,0.5199411829716896,0.9327750000000001,1.1166,run_0239,16,0,0,0.9852724594992637
DSY1,semi,shade_off,stress16,We_max_worst,stepped proxy units,16,53.3125,61.4375,8.125,8.5,8.125,8.923284148787374,14.0,14.0,run_0239,16,0,0,0.9103101816717055
DSY1,semi,shade_off,stress16,T_op_peak,deg C,16,35.04718750000001,35.608875,0.5616874999999997,0.5264999999999986,0.5616874999999997,0.6249433474323888,0.9784999999999986,1.0219999999999985,run_1941,16,0,0,0.9359825933513638
DSY1,semi,shade_off,stress16,hours_gt26_night,hours,16,29.6875,36.3125,6.625,4.5,6.625,8.2915619758885,15.25,19.0,run_0239,16,0,0,0.960091051893137
DSY1,semi,shade_off,stress16,heat_kWh_m2,kWh/m2/year,16,154.2213125,156.66028125000003,2.4389687499999924,0.3342999999999918,2.4961437499999923,4.723443882976158,11.690724999999944,12.991600000000005,run_1506,13,3,0,1.0
DSY1,semi,shade_off,stress16,hours_C3_worst,hours,16,17.3125,30.25,12.9375,15.0,12.9375,15.678408720275154,25.25,29.0,run_1506,16,0,0,0.9480202204236917
DSY1,semi,shade_off,stress16,hours_gt26_night_annual,hours,16,44.875,65.5625,20.6875,4.5,20.6875,36.32922377370593,78.75,99.0,run_1506,16,0,0,0.9756637168141593
DSY1,semi,vent_rotation,random64,He_worst,percentage points,64,1.5965546874999998,1.5850609375000002,-0.011493750000000007,0.0,0.032775,0.04320521525232804,0.0817000000000001,0.10899999999999999,run_1525,18,29,17,0.9816995260659689
DSY1,semi,vent_rotation,random64,We_max_worst,stepped proxy units,64,45.75,44.78125,-0.96875,0.0,1.59375,2.462214450449026,5.849999999999994,8.0,run_1646,17,28,19,0.9329636723871585
DSY1,semi,vent_rotation,random64,T_op_peak,deg C,64,34.46596875,34.277625,-0.1883437499999997,-0.05150000000000077,0.20412499999999956,0.335051488580486,0.7436500000000041,1.0179999999999936,run_1646,18,45,1,0.9296351836138323
DSY1,semi,vent_rotation,random64,hours_gt26_night,hours,64,15.328125,15.515625,0.1875,0.0,0.96875,1.403121520040228,3.0,4.0,run_0203,24,15,25,0.9397004237513737
DSY1,semi,vent_rotation,random64,heat_kWh_m2,kWh/m2/year,64,66.272815625,62.042834375,-4.229981250000001,-1.6362500000000004,4.3903468750000005,7.775677860402269,19.098984999999995,31.473600000000005,run_1274,9,55,0,0.9958791208791209
DSY1,semi,vent_rotation,random64,hours_C3_worst,hours,64,8.171875,7.609375,-0.5625,0.0,0.75,1.334634781503914,3.0,4.0,run_0189,6,21,37,0.9159230777046541
DSY1,semi,vent_rotation,random64,hours_gt26_night_annual,hours,64,15.71875,15.859375,0.140625,0.0,0.953125,1.3975424859373686,3.0,4.0,run_0203,22,16,26,0.940578070830797
DSY1,semi,vent_rotation,stress16,He_worst,percentage points,16,2.24501875,2.2603437499999997,0.01532500000000002,0.0,0.039162499999999975,0.059743849055781444,0.10892500000000005,0.19059999999999988,run_1506,7,5,4,0.9933726067746687
DSY1,semi,vent_rotation,stress16,We_max_worst,stepped proxy units,16,53.3125,52.6875,-0.625,0.0,0.875,1.3693063937629153,3.0,3.0,run_0132,2,6,8,0.9704579025110783
DSY1,semi,vent_rotation,stress16,T_op_peak,deg C,16,35.04718750000001,34.918375,-0.12881249999999955,-0.0484999999999971,0.13631249999999984,0.23560122559103888,0.557249999999998,0.644999999999996,run_1199,4,12,0,0.9698310204694163
DSY1,semi,vent_rotation,stress16,hours_gt26_night,hours,16,29.6875,30.4375,0.75,0.5,1.0,1.5,2.5,4.0,run_1506,8,1,7,0.9852081785572081
DSY1,semi,vent_rotation,stress16,heat_kWh_m2,kWh/m2/year,16,154.2213125,145.0489625,-9.172350000000005,-0.9708499999999987,9.563575000000005,21.345319769565418,48.743475000000004,72.69330000000002,run_1506,3,13,0,0.9941176470588236
DSY1,semi,vent_rotation,stress16,hours_C3_worst,hours,16,17.3125,17.125,-0.1875,0.0,0.6875,1.14564392373896,2.25,3.0,run_1506,2,5,9,0.9881262113898593
DSY1,semi,vent_rotation,stress16,hours_gt26_night_annual,hours,16,44.875,46.375,1.5,1.0,1.75,2.8722813232690143,6.0,9.0,run_0768,9,2,5,0.9896755162241888
TMYx,detached,combined,random64,He_worst,percentage points,64,0.3097859375,0.1880765625,-0.12170937499999998,-0.1089,0.122559375,0.15255280847955568,0.2723,0.3813,run_1248,1,54,9,0.9484294673653644
TMYx,detached,combined,random64,We_max_worst,stepped proxy units,64,9.796875,6.921875,-2.875,-3.0,2.875,3.2015621187164243,5.0,6.0,run_0189,0,61,3,0.9690642030154151
TMYx,detached,combined,random64,T_op_peak,deg C,64,29.968234375,29.513578125,-0.45465625000000026,-0.4499999999999993,0.45465625000000026,0.46036782169261165,0.564350000000002,0.6030000000000015,run_1192,0,64,0,0.9920327848933342
TMYx,detached,combined,random64,hours_gt26_night,hours,64,0.984375,1.375,0.390625,0.0,0.734375,1.71846588560844,2.0,10.0,run_1268,19,6,39,0.7668680190694355
TMYx,detached,combined,random64,heat_kWh_m2,kWh/m2/year,64,110.5714578125,107.20315156250001,-3.3683062500000025,-1.6099499999999942,3.9930718750000023,6.876794699522087,15.352655000000022,28.723100000000045,run_1866,11,53,0,0.9983974358974359
TMYx,detached,combined,random64,hours_C3_worst,hours,64,0.0,0.0,0.0,0.0,0.0,0.0,0.0,0.0,run_0015,0,0,64,
TMYx,detached,combined,random64,hours_gt26_night_annual,hours,64,1.078125,1.421875,0.34375,0.0,0.75,1.75,2.0,10.0,run_1268,19,7,38,0.7853748773801585
TMYx,detached,combined,stress16,He_worst,percentage points,16,0.9991125000000001,0.7846624999999999,-0.21445000000000003,-0.19060000000000005,0.21445000000000003,0.24810153163573984,0.408525,0.4902000000000002,run_1506,0,16,0,0.9889627401448372
TMYx,detached,combined,stress16,We_max_worst,stepped proxy units,16,19.125,16.0625,-3.0625,-3.5,3.0625,3.5619517121937516,5.25,6.0,run_0029,0,14,2,0.9940962116791294
TMYx,detached,combined,stress16,T_op_peak,deg C,16,31.0535,30.589125000000003,-0.464375,-0.46750000000000114,0.464375,0.47687223131568485,0.6205000000000007,0.6580000000000013,run_1416,0,16,0,0.9852941176470589
TMYx,detached,combined,stress16,hours_gt26_night,hours,16,11.4375,14.1875,2.75,1.0,3.25,4.860555523805895,9.5,11.0,run_0768,10,1,5,0.9668273939826124
TMYx,detached,combined,stress16,heat_kWh_m2,kWh/m2/year,16,245.75698749999998,251.63025625,5.8732687500000065,-0.29565000000000197,10.147981250000008,15.523003230065548,33.98930000000004,37.42100000000005,run_1506,7,9,0,1.0
TMYx,detached,combined,stress16,hours_C3_worst,hours,16,0.125,0.0,-0.125,0.0,0.125,0.5,0.5,2.0,run_0768,0,1,15,
TMYx,detached,combined,stress16,hours_gt26_night_annual,hours,16,31.5625,44.6875,13.125,4.0,13.125,22.34110561274889,50.25,51.0,run_0239,12,0,4,0.9698440161167236
TMYx,detached,interfloor,random64,He_worst,percentage points,64,0.3097859375,0.19020624999999997,-0.1195796875,-0.09530000000000005,0.1204296875,0.14905281415072308,0.2682199999999998,0.3813,run_1248,1,54,9,0.9506413565851478
TMYx,detached,interfloor,random64,We_max_worst,stepped proxy units,64,9.796875,6.953125,-2.84375,-3.0,2.84375,3.1622776601683795,5.0,6.0,run_1248,0,62,2,0.9684425812984319
TMYx,detached,interfloor,random64,T_op_peak,deg C,64,29.968234375,29.51428125,-0.45395312499999985,-0.4429999999999996,0.45395312499999985,0.4594204399294831,0.5659000000000008,0.5919999999999987,run_0745,0,64,0,0.9922388335666638
TMYx,detached,interfloor,random64,hours_gt26_night,hours,64,0.984375,1.40625,0.421875,0.0,0.703125,1.7365554986812255,2.0,10.0,run_1268,18,5,41,0.7977688370057825
TMYx,detached,interfloor,random64,heat_kWh_m2,kWh/m2/year,64,110.5714578125,107.4022859375,-3.1691718750000004,-2.0966999999999985,3.1895937500000007,4.857980257428237,9.39739000000002,17.988800000000026,run_1866,7,57,0,0.9990384615384615
TMYx,detached,interfloor,random64,hours_C3_worst,hours,64,0.0,0.0,0.0,0.0,0.0,0.0,0.0,0.0,run_0015,0,0,64,
TMYx,detached,interfloor,random64,hours_gt26_night_annual,hours,64,1.078125,1.453125,0.375,0.0,0.71875,1.758905909933786,2.0,10.0,run_1268,18,6,40,0.8148596597423522
TMYx,detached,interfloor,stress16,He_worst,percentage points,16,0.9991125000000001,0.7982750000000001,-0.20083750000000003,-0.19060000000000005,0.20083750000000003,0.23267560841222706,0.4153,0.4357000000000002,run_1506,0,16,0,0.9867452135493373
TMYx,detached,interfloor,stress16,We_max_worst,stepped proxy units,16,19.125,15.875,-3.25,-4.0,3.25,3.724916106437835,5.25,6.0,run_0132,0,14,2,0.9807735232295327
TMYx,detached,interfloor,stress16,T_op_peak,deg C,16,31.0535,30.5795625,-0.4739374999999999,-0.4745000000000008,0.4739374999999999,0.4857932301916113,0.6382499999999984,0.657,run_1416,0,16,0,0.9647058823529412
TMYx,detached,interfloor,stress16,hours_gt26_night,hours,16,11.4375,14.5,3.0625,1.0,3.5625,5.356071321407137,10.5,12.0,run_0768,9,3,4,0.9668273939826124
TMYx,detached,interfloor,stress16,heat_kWh_m2,kWh/m2/year,16,245.75698749999998,249.79700000000003,4.040012500000014,-0.1968500000000013,8.219975000000007,12.949908632447972,26.99230000000003,35.511400000000094,run_1506,6,10,0,1.0
TMYx,detached,interfloor,stress16,hours_C3_worst,hours,16,0.125,0.0,-0.125,0.0,0.125,0.5,0.5,2.0,run_0768,0,1,15,
TMYx,detached,interfloor,stress16,hours_gt26_night_annual,hours,16,31.5625,44.25,12.6875,5.5,12.6875,21.022309578160055,49.25,50.0,run_0239,12,0,4,0.9698440161167236
TMYx,detached,shade_off,random64,He_worst,percentage points,64,0.3097859375,0.5770078125,0.267221875,0.20425,0.267221875,0.3580324627390651,0.6536000000000001,0.8442000000000003,run_1560,60,0,4,0.9772867995058484
TMYx,detached,shade_off,random64,We_max_worst,stepped proxy units,64,9.796875,13.875,4.078125,4.0,4.078125,5.164482065028399,8.849999999999994,13.0,run_1560,58,0,6,0.9709325826798894
TMYx,detached,shade_off,random64,T_op_peak,deg C,64,29.968234375,30.546265625,0.5780312499999999,0.5119999999999987,0.5780312499999999,0.669906966488631,1.0976499999999971,1.468,run_1590,64,0,0,0.987408424908425
TMYx,detached,shade_off,random64,hours_gt26_night,hours,64,0.984375,1.9375,0.953125,0.5,0.984375,2.1758618981911515,3.0,11.0,run_1268,32,1,31,0.8076404574669503
TMYx,detached,shade_off,random64,heat_kWh_m2,kWh/m2/year,64,110.5714578125,110.83351875,0.26206093749999865,0.047100000000000364,0.4878109375,0.830633821153309,1.950855000000019,3.5264000000000237,run_1274,40,24,0,0.9997252747252747
TMYx,detached,shade_off,random64,hours_C3_worst,hours,64,0.0,0.46875,0.46875,0.0,0.46875,1.920286436967152,2.0,10.0,run_1268,5,0,59,
TMYx,detached,shade_off,random64,hours_gt26_night_annual,hours,64,1.078125,2.625,1.546875,0.5,1.578125,3.8507304501873407,9.0,20.0,run_1248,32,1,31,0.8098067040449866
TMYx,detached,shade_off,stress16,He_worst,percentage points,16,0.9991125000000001,1.5352562500000002,0.53614375,0.5583,0.53614375,0.5991559192939682,0.925925,1.0075999999999998,run_0239,16,0,0,0.9845477279120478
TMYx,detached,shade_off,stress16,We_max_worst,stepped proxy units,16,19.125,26.25,7.125,8.0,7.125,7.937253933193772,11.25,12.0,run_0768,15,0,1,0.9911441813549152
TMYx,detached,shade_off,stress16,T_op_peak,deg C,16,31.0535,31.980249999999998,0.9267500000000002,0.9710000000000001,0.9267500000000002,0.9988563460277959,1.4264999999999963,1.4789999999999992,run_0768,16,0,0,0.9647058823529412
TMYx,detached,shade_off,stress16,hours_gt26_night,hours,16,11.4375,16.1875,4.75,2.5,4.75,7.106335201775948,13.25,17.0,run_0239,12,0,4,0.969070127381295
TMYx,detached,shade_off,stress16,heat_kWh_m2,kWh/m2/year,16,245.75698749999998,246.92094999999995,1.163962500000011,0.1550499999999957,1.4499999999999966,2.741733550146707,5.27007500000002,9.398300000000063,run_1214,10,6,0,1.0
TMYx,detached,shade_off,stress16,hours_C3_worst,hours,16,0.125,3.125,3.0,1.0,3.0,4.808846015417836,9.75,12.0,run_0768,8,0,8,0.44946657497549475
TMYx,detached,shade_off,stress16,hours_gt26_night_annual,hours,16,31.5625,52.375,20.8125,6.5,20.8125,37.59072358973687,89.5,109.0,run_0239,12,0,4,0.9728606382508347
TMYx,detached,vent_rotation,random64,He_worst,percentage points,64,0.3097859375,0.3093640625,-0.0004218749999999967,0.0,0.008931250000000002,0.017678959952440645,0.0273,0.05449999999999999,run_1248,9,9,46,0.9972656692828833
TMYx,detached,vent_rotation,random64,We_max_worst,stepped proxy units,64,9.796875,9.890625,0.09375,0.0,0.3125,0.6614378277661477,1.8499999999999943,2.0,run_1093,10,6,48,0.9910499476246639
TMYx,detached,vent_rotation,random64,T_op_peak,deg C,64,29.968234375,29.9739375,0.0057031249999998646,0.002000000000000668,0.0232656249999999,0.030819281708047486,0.06550000000000042,0.08899999999999864,run_1268,35,27,2,0.9980311355311355
TMYx,detached,vent_rotation,random64,hours_gt26_night,hours,64,0.984375,0.96875,-0.015625,0.0,0.109375,0.375,1.0,2.0,run_1865,2,4,58,0.9739007839628508
TMYx,detached,vent_rotation,random64,heat_kWh_m2,kWh/m2/year,64,110.5714578125,110.3739515625,-0.19750625000000227,0.04684999999999917,1.5188156250000002,3.2226875514661675,7.3726599999999705,15.14979999999997,run_1248,33,31,0,0.9990842490842491
TMYx,detached,vent_rotation,random64,hours_C3_worst,hours,64,0.0,0.03125,0.03125,0.0,0.03125,0.25,0.0,2.0,run_1268,1,0,63,
TMYx,detached,vent_rotation,random64,hours_gt26_night_annual,hours,64,1.078125,1.0625,-0.015625,0.0,0.109375,0.375,1.0,2.0,run_1865,2,4,58,0.9749276953636176
TMYx,detached,vent_rotation,stress16,He_worst,percentage points,16,0.9991125000000001,0.9991187499999999,6.249999999968087e-06,0.0,0.023818749999999996,0.040833342687073775,0.07490000000000002,0.1361000000000001,run_1506,6,3,7,0.9941089837997055
TMYx,detached,vent_rotation,stress16,We_max_worst,stepped proxy units,16,19.125,19.0625,-0.0625,0.0,0.1875,0.4330127018922193,1.0,1.0,run_0241,1,2,13,0.9985250737463127
TMYx,detached,vent_rotation,stress16,T_op_peak,deg C,16,31.0535,31.05625,0.0027500000000004743,0.0005000000000006111,0.023375000000000368,0.03227615218702528,0.06350000000000033,0.0710000000000015,run_1199,8,6,2,0.9992644353546793
TMYx,detached,vent_rotation,stress16,hours_gt26_night,hours,16,11.4375,11.75,0.3125,0.0,0.3125,0.6614378277661477,1.25,2.0,run_0492,4,0,12,0.996996996996997
TMYx,detached,vent_rotation,stress16,heat_kWh_m2,kWh/m2/year,16,245.75698749999998,246.44806250000002,0.6910750000000143,-0.06995000000000573,1.8319749999999977,3.3578575974868374,7.538675000000055,10.489700000000028,run_1941,6,10,0,1.0
TMYx,detached,vent_rotation,stress16,hours_C3_worst,hours,16,0.125,0.125,0.0,0.0,0.0,0.0,0.0,0.0,run_0000,0,0,16,1.0
TMYx,detached,vent_rotation,stress16,hours_gt26_night_annual,hours,16,31.5625,31.6875,0.125,0.0,0.5,0.8660254037844386,2.0,2.0,run_0239,4,2,10,1.0
TMYx,semi,attic_party,random64,He_worst,percentage points,64,0.18893125,0.1889328125,1.5625000000000448e-06,0.0,0.0042546875,0.010763617828128236,0.027200000000000002,0.0273,run_0500,5,5,54,0.9952862270630229
TMYx,semi,attic_party,random64,We_max_worst,stepped proxy units,64,7.203125,7.140625,-0.0625,0.0,0.1875,0.5303300858899106,1.0,2.0,run_0788,4,5,55,0.9841218669318696
TMYx,semi,attic_party,random64,T_op_peak,deg C,64,29.609765625,29.611140624999997,0.001375000000000015,0.0,0.018437500000000218,0.0260624250598447,0.05495000000000068,0.08000000000000185,run_1274,29,31,4,0.9968634097580362
TMYx,semi,attic_party,random64,hours_gt26_night,hours,64,1.40625,1.40625,0.0,0.0,0.15625,0.39528470752104744,1.0,1.0,run_0169,5,5,54,0.9557858902205285
TMYx,semi,attic_party,random64,heat_kWh_m2,kWh/m2/year,64,74.917446875,75.03431875,0.11687187500000021,0.032849999999999824,0.3272843749999991,0.4604879134543041,1.0342350000000013,1.4005999999999972,run_1590,34,30,0,0.9996794871794872
TMYx,semi,attic_party,random64,hours_C3_worst,hours,64,0.0,0.0,0.0,0.0,0.0,0.0,0.0,0.0,run_0015,0,0,64,
TMYx,semi,attic_party,random64,hours_gt26_night_annual,hours,64,1.5,1.515625,0.015625,0.0,0.171875,0.414578098794425,1.0,1.0,run_0169,6,5,53,0.9556338905448527
TMYx,semi,attic_party,stress16,He_worst,percentage points,16,0.6723250000000001,0.672325,1.734723475976807e-17,0.0,0.006825000000000008,0.013650000000000016,0.027300000000000102,0.027300000000000102,run_0132,2,2,12,0.9992622647465043
TMYx,semi,attic_party,stress16,We_max_worst,stepped proxy units,16,14.125,14.125,0.0,0.0,0.0,0.0,0.0,0.0,run_0000,0,0,16,1.0
TMYx,semi,attic_party,stress16,T_op_peak,deg C,16,30.5321875,30.532375000000002,0.00018749999999934097,-0.0009999999999976694,0.01318750000000013,0.01811249568668044,0.030250000000001442,0.045999999999999375,run_0768,7,9,0,0.9970588235294118
TMYx,semi,attic_party,stress16,hours_gt26_night,hours,16,8.125,8.25,0.125,0.0,0.25,0.6123724356957945,1.25,2.0,run_0239,2,1,13,1.0
TMYx,semi,attic_party,stress16,heat_kWh_m2,kWh/m2/year,16,170.1009,170.026175,-0.07472500000000482,-0.060549999999999216,0.4706625,0.6884489278443255,1.3518499999999705,2.029100000000028,run_1214,7,9,0,1.0
TMYx,semi,attic_party,stress16,hours_C3_worst,hours,16,0.0,0.0,0.0,0.0,0.0,0.0,0.0,0.0,run_0000,0,0,16,
TMYx,semi,attic_party,stress16,hours_gt26_night_annual,hours,16,22.75,23.0625,0.3125,0.0,0.3125,0.6614378277661477,1.25,2.0,run_0239,4,0,12,1.0
TMYx,semi,combined,random64,He_worst,percentage points,64,0.18893125,0.0965921875,-0.0923390625,-0.0545,0.0923390625,0.1392463739429146,0.2451000000000001,0.5447000000000001,run_1590,0,44,20,0.8751524621989458
TMYx,semi,combined,random64,We_max_worst,stepped proxy units,64,7.203125,4.546875,-2.65625,-3.0,2.6875,3.127499000799201,5.0,6.0,run_0298,1,57,6,0.9357370277423159
TMYx,semi,combined,random64,T_op_peak,deg C,64,29.609765625,29.146984375000002,-0.46278124999999987,-0.46749999999999936,0.46278124999999987,0.4769285192772602,0.6335000000000013,0.7349999999999994,run_1590,0,64,0,0.9779293926277476
TMYx,semi,combined,random64,hours_gt26_night,hours,64,1.40625,1.109375,-0.296875,0.0,0.640625,1.192424001771182,2.8499999999999943,4.0,run_1248,6,18,40,0.7998585729033216
TMYx,semi,combined,random64,heat_kWh_m2,kWh/m2/year,64,74.917446875,70.7702953125,-4.147151562499999,-2.141449999999999,5.019323437500001,8.30625424951923,19.159805,32.3382,run_1274,10,54,0,0.9958333333333333
TMYx,semi,combined,random64,hours_C3_worst,hours,64,0.0,0.0,0.0,0.0,0.0,0.0,0.0,0.0,run_0015,0,0,64,
TMYx,semi,combined,random64,hours_gt26_night_annual,hours,64,1.5,1.265625,-0.234375,0.0,0.640625,1.192424001771182,3.0,4.0,run_1268,7,17,40,0.8102337437610712
TMYx,semi,combined,stress16,He_worst,percentage points,16,0.6723250000000001,0.40509999999999996,-0.267225,-0.21785,0.267225,0.32230370576523004,0.5582750000000001,0.6809,run_0768,0,16,0,0.9763673871475727
TMYx,semi,combined,stress16,We_max_worst,stepped proxy units,16,14.125,11.0625,-3.0625,-3.5,3.0625,3.491060010942235,5.25,6.0,run_1521,0,15,1,0.9619788727264068
TMYx,semi,combined,stress16,T_op_peak,deg C,16,30.5321875,30.0576875,-0.47450000000000037,-0.48499999999999943,0.47450000000000037,0.4983070087807319,0.6845000000000008,0.767000000000003,run_0768,0,16,0,0.9411764705882353
TMYx,semi,combined,stress16,hours_gt26_night,hours,16,8.125,8.5625,0.4375,0.0,3.8125,6.229967897188556,12.25,13.0,run_0768,5,6,5,0.9063693297238749
TMYx,semi,combined,stress16,heat_kWh_m2,kWh/m2/year,16,170.1009,168.24326874999997,-1.8576312500000078,-1.9349000000000025,8.61904375,12.80585694650596,25.224674999999976,25.999500000000012,run_1506,5,11,0,0.9911764705882353
TMYx,semi,combined,stress16,hours_C3_worst,hours,16,0.0,0.0,0.0,0.0,0.0,0.0,0.0,0.0,run_0000,0,0,16,
TMYx,semi,combined,stress16,hours_gt26_night_annual,hours,16,22.75,29.6875,6.9375,0.0,8.3125,17.25,43.5,51.0,run_0239,5,5,6,0.972367709555481
TMYx,semi,interfloor,random64,He_worst,percentage points,64,0.18893125,0.108509375,-0.080421875,-0.05449999999999999,0.082125,0.12922608700452087,0.2451,0.4902000000000001,run_1590,2,42,20,0.8898299784694274
TMYx,semi,interfloor,random64,We_max_worst,stepped proxy units,64,7.203125,4.484375,-2.71875,-3.0,2.71875,3.147419578003543,5.0,6.0,run_0298,0,58,6,0.9461068173383392
TMYx,semi,interfloor,random64,T_op_peak,deg C,64,29.609765625,29.185890625,-0.4238750000000001,-0.41050000000000075,0.4238750000000001,0.4367238472421676,0.6044000000000007,0.7340000000000018,run_1590,0,64,0,0.9848555959390198
TMYx,semi,interfloor,random64,hours_gt26_night,hours,64,1.40625,1.703125,0.296875,0.0,0.703125,1.948557158514987,2.8499999999999943,13.0,run_1268,12,10,42,0.8964967457775254
TMYx,semi,interfloor,random64,heat_kWh_m2,kWh/m2/year,64,74.917446875,73.0791828125,-1.8382640624999989,-1.1013500000000036,1.860957812499999,3.153228332870735,8.422249999999995,10.616800000000012,run_1757,7,57,0,0.9995879120879121
TMYx,semi,interfloor,random64,hours_C3_worst,hours,64,0.0,0.0,0.0,0.0,0.0,0.0,0.0,0.0,run_0015,0,0,64,
TMYx,semi,interfloor,random64,hours_gt26_night_annual,hours,64,1.5,1.828125,0.328125,0.0,0.734375,1.9724667297574374,3.0,13.0,run_1268,13,9,42,0.9003366344041515
TMYx,semi,interfloor,stress16,He_worst,percentage points,16,0.6723250000000001,0.4374374999999999,-0.23488750000000003,-0.1906,0.23488750000000003,0.29299903156836543,0.5719249999999999,0.6535999999999998,run_0768,0,16,0,0.9815500828012191
TMYx,semi,interfloor,stress16,We_max_worst,stepped proxy units,16,14.125,11.3125,-2.8125,-3.0,2.9375,3.418698582794336,5.25,6.0,run_1521,1,13,2,0.9568345904530199
TMYx,semi,interfloor,stress16,T_op_peak,deg C,16,30.5321875,30.0564375,-0.47575000000000034,-0.5030000000000001,0.47575000000000034,0.4985264536611877,0.6760000000000002,0.7090000000000032,run_0768,0,16,0,0.9647058823529412
TMYx,semi,interfloor,stress16,hours_gt26_night,hours,16,8.125,10.375,2.25,0.0,4.5,6.855654600401044,12.5,14.0,run_0492,6,2,8,0.9409566517189836
TMYx,semi,interfloor,stress16,heat_kWh_m2,kWh/m2/year,16,170.1009,172.06871875000002,1.967818749999994,-0.23310000000000386,4.919818749999995,8.505402335684941,17.35702499999995,27.993899999999996,run_1506,7,9,0,1.0
TMYx,semi,interfloor,stress16,hours_C3_worst,hours,16,0.0,0.0,0.0,0.0,0.0,0.0,0.0,0.0,run_0000,0,0,16,
TMYx,semi,interfloor,stress16,hours_gt26_night_annual,hours,16,22.75,32.0,9.25,0.5,9.875,19.127859263388572,42.75,60.0,run_0239,8,1,7,0.982089552238806
TMYx,semi,shade_off,random64,He_worst,percentage points,64,0.18893125,0.3872265625,0.19829531250000001,0.0817,0.19829531250000001,0.2994858805624232,0.6767199999999998,0.8442000000000001,run_1590,53,0,11,0.961426717358894
TMYx,semi,shade_off,random64,We_max_worst,stepped proxy units,64,7.203125,10.34375,3.140625,2.0,3.140625,4.3535186918169995,9.0,12.0,run_1268,51,0,13,0.960996879380965
TMYx,semi,shade_off,random64,T_op_peak,deg C,64,29.609765625,30.044796875,0.43503125000000015,0.3205000000000009,0.43503125000000015,0.5323859032694238,0.9999499999999979,1.490000000000002,run_1590,64,0,0,0.9835390004349917
TMYx,semi,shade_off,random64,hours_gt26_night,hours,64,1.40625,2.453125,1.046875,0.0,1.046875,2.2465250944514286,3.0,12.0,run_1268,29,0,35,0.8987180173987448
TMYx,semi,shade_off,random64,heat_kWh_m2,kWh/m2/year,64,74.917446875,75.1434640625,0.22601718750000135,0.06064999999999898,0.3966171875000012,0.71839536153065,1.1334000000000066,3.6887000000000114,run_1209,36,28,0,0.9998168498168498
TMYx,semi,shade_off,random64,hours_C3_worst,hours,64,0.0,0.21875,0.21875,0.0,0.21875,1.4252192813739224,0.0,11.0,run_1268,2,0,62,
TMYx,semi,shade_off,random64,hours_gt26_night_annual,hours,64,1.5,3.53125,2.03125,0.0,2.03125,5.460082416960389,12.249999999999972,30.0,run_1248,30,0,34,0.8821919074362679
TMYx,semi,shade_off,stress16,He_worst,percentage points,16,0.6723250000000001,1.1386875,0.4663625,0.53105,0.4663625,0.5500681151003028,0.9190250000000002,0.9803000000000002,run_0239,16,0,0,0.9801034348775252
TMYx,semi,shade_off,stress16,We_max_worst,stepped proxy units,16,14.125,20.5,6.375,5.5,6.375,7.2886898685566255,13.25,14.0,run_0768,16,0,0,0.9511834319526628
TMYx,semi,shade_off,stress16,T_op_peak,deg C,16,30.5321875,31.3020625,0.7698749999999994,0.7440000000000015,0.7698749999999994,0.8603161482850354,1.3987499999999997,1.4969999999999999,run_0768,16,0,0,0.9705882352941176
TMYx,semi,shade_off,stress16,hours_gt26_night,hours,16,8.125,13.125,5.0,3.5,5.0,7.0178344238090995,13.5,15.0,run_0239,12,0,4,0.9657834335297641
TMYx,semi,shade_off,stress16,heat_kWh_m2,kWh/m2/year,16,170.1009,171.34313749999998,1.242237499999995,0.043899999999997164,1.7726874999999942,3.2402218706826083,7.999449999999939,8.543199999999956,run_1214,10,6,0,1.0
TMYx,semi,shade_off,stress16,hours_C3_worst,hours,16,0.0,0.875,0.875,0.0,0.875,1.5811388300841898,3.25,4.0,run_0768,6,0,10,
TMYx,semi,shade_off,stress16,hours_gt26_night_annual,hours,16,22.75,42.25,19.5,7.0,19.5,34.847883723405644,89.25,93.0,run_0239,12,0,4,0.9799324217175502
TMYx,semi,vent_rotation,random64,He_worst,percentage points,64,0.18893125,0.1770140625,-0.0119171875,0.0,0.015317187500000003,0.03969978550005025,0.0776199999999998,0.2451000000000001,run_1268,3,16,45,0.9848030520694081
TMYx,semi,vent_rotation,random64,We_max_worst,stepped proxy units,64,7.203125,6.96875,-0.234375,0.0,0.453125,0.875,2.0,3.0,run_1268,5,15,44,0.9695046748167175
TMYx,semi,vent_rotation,random64,T_op_peak,deg C,64,29.609765625,29.586203125,-0.02356249999999982,-0.015000000000000568,0.06346874999999996,0.09518764363088342,0.15564999999999993,0.4330000000000034,run_1268,23,39,2,0.9848552492145674
TMYx,semi,vent_rotation,random64,hours_gt26_night,hours,64,1.40625,0.9375,-0.46875,0.0,0.625,1.118033988749895,2.8499999999999943,4.0,run_1268,4,22,38,0.7421506798958174
TMYx,semi,vent_rotation,random64,heat_kWh_m2,kWh/m2/year,64,74.917446875,72.6370484375,-2.280398437499999,-1.009549999999999,3.3057015624999995,5.595293515298705,12.996564999999988,23.078899999999976,run_1274,16,48,0,0.9973901098901099
TMYx,semi,vent_rotation,random64,hours_C3_worst,hours,64,0.0,0.03125,0.03125,0.0,0.03125,0.25,0.0,2.0,run_1268,1,0,63,
TMYx,semi,vent_rotation,random64,hours_gt26_night_annual,hours,64,1.5,1.03125,-0.46875,0.0,0.625,1.118033988749895,2.8499999999999943,4.0,run_1268,4,22,38,0.7465820376944416
TMYx,semi,vent_rotation,stress16,He_worst,percentage points,16,0.6723250000000001,0.638275,-0.03405,0.0,0.03405,0.06090490538536285,0.14300000000000007,0.1634,run_0132,0,7,9,0.9822758130909771
TMYx,semi,vent_rotation,stress16,We_max_worst,stepped proxy units,16,14.125,14.125,0.0,0.0,0.5,0.9354143466934853,1.5,3.0,run_0029,2,4,10,0.9962993106785081
TMYx,semi,vent_rotation,stress16,T_op_peak,deg C,16,30.5321875,30.537750000000003,0.005562499999999915,-0.007999999999999119,0.048437500000000355,0.07060497503717433,0.14974999999999916,0.19099999999999895,run_1941,7,9,0,0.9794117647058823
TMYx,semi,vent_rotation,stress16,hours_gt26_night,hours,16,8.125,7.0,-1.125,0.0,1.125,2.23606797749979,4.75,7.0,run_0029,0,6,10,0.9947590660109966
TMYx,semi,vent_rotation,stress16,heat_kWh_m2,kWh/m2/year,16,170.1009,165.6932625,-4.407637500000006,-0.9954500000000053,7.756362500000001,15.223671823512229,36.383850000000024,47.663400000000024,run_1506,4,12,0,0.9941176470588236
TMYx,semi,vent_rotation,stress16,hours_C3_worst,hours,16,0.0,0.0,0.0,0.0,0.0,0.0,0.0,0.0,run_0000,0,0,16,
TMYx,semi,vent_rotation,stress16,hours_gt26_night_annual,hours,16,22.75,21.625,-1.125,0.0,1.375,2.4238399287081647,4.75,7.0,run_0029,2,6,8,0.9932788430943086
