weather,archetype,run_id,cohort,width,length,height,orientation,wwr,wallInsulationThickness,roofInsulationThickness,slabInsulationThickness,u_windows,g_value,roofAbsorptance,flowCoefficient,wof,fixedShadingDepth,variant,status,idf_sha256,weather_sha256,severe_errors,warnings,occupancy_minimum,summer_hours,annual_night_hours,summer_night_hours,He_all_101,He_occupied_101,He_offset_101,We_101,We_halfup_101,C3_hours_101,two_of_three_proxy_101,He_all_102,He_occupied_102,He_offset_102,We_102,We_halfup_102,C3_hours_102,two_of_three_proxy_102,hours_gt26_night,hours_gt26_night_annual,night_outside_summer,He_worst,We_max_worst,T_op_peak,hours_C3_worst,two_of_three_proxy_dwelling,heat_kWh_m2,cooling_kWh,csv_sha256,sim_sec
DSY1,semi,run_0015,random64,7.108611475128714,6.493256650172337,2.557740067304502,196.7752575852872,0.3508426889305577,0.0691978473194322,0.1775662031153719,0.1504932433886532,1.1382521186428864,0.3634006054515437,0.3251097153924657,0.0053423127877505,0.7756179975255327,0.2215221883714765,attic_party,ok,963fe809a65c98e5873ac26b733cc3fc29ec31572413aec80a3cf1f4704b33ea,f31a17333556b5e7ac80078ae88c99f08af5269d75a4603c4f0b36336349361c,0,9,0.3,3672,3285,1377,1.5522875816993464,1.5522875816993464,0.0,44.0,44.0,5,True,1.6884531590413945,1.6884531590413945,0.0,49.0,49.0,9,True,13,13,0,1.6885,49.0,34.957,9,True,235.0852,0.0,85421e9458a78ac7b62d69f5766d1d54fe5c69372944da18bdff6a075d95381f,2.957
DSY1,detached,run_0015,random64,7.108611475128714,6.493256650172337,2.557740067304502,196.7752575852872,0.3508426889305577,0.0691978473194322,0.1775662031153719,0.1504932433886532,1.1382521186428864,0.3634006054515437,0.3251097153924657,0.0053423127877505,0.7756179975255327,0.2215221883714765,combined,ok,0840e49c16ae7b1bb535995346e7f03796f309b8557a1f1ede6a1b09bb5d435d,f31a17333556b5e7ac80078ae88c99f08af5269d75a4603c4f0b36336349361c,0,9,0.3,3672,3285,1377,1.6884531590413945,1.6884531590413945,0.0,48.0,48.0,8,True,1.6884531590413945,1.6884531590413945,0.0,49.0,49.0,8,True,16,16,0,1.6885,49.0,34.71,8,True,333.9863,0.0,ac053d07cf0185492b38909392a3f9f5a420801aa25fbbab93c64b8ab019b467,3.115
DSY1,semi,run_0015,random64,7.108611475128714,6.493256650172337,2.557740067304502,196.7752575852872,0.3508426889305577,0.0691978473194322,0.1775662031153719,0.1504932433886532,1.1382521186428864,0.3634006054515437,0.3251097153924657,0.0053423127877505,0.7756179975255327,0.2215221883714765,combined,ok,b65901d15ecde4e7f7fe8af0db62f05dffc08bd8694bcf2ab59252800f017dd7,f31a17333556b5e7ac80078ae88c99f08af5269d75a4603c4f0b36336349361c,0,9,0.3,3672,3285,1377,1.579520697167756,1.579520697167756,0.0,45.0,45.0,5,True,1.5522875816993464,1.5522875816993464,0.0,46.0,46.0,5,True,13,13,0,1.5795,46.0,34.458,5,True,204.4004,0.0,4c3cf033248aae785ad1687f6c3bc5f2f8674258ed66390bc5f3d7b16b1e82bc,2.58
DSY1,detached,run_0015,random64,7.108611475128714,6.493256650172337,2.557740067304502,196.7752575852872,0.3508426889305577,0.0691978473194322,0.1775662031153719,0.1504932433886532,1.1382521186428864,0.3634006054515437,0.3251097153924657,0.0053423127877505,0.7756179975255327,0.2215221883714765,interfloor,ok,81097300d963b5e06c7ce68f88e342135b94ec99c2d62da71d3cb49dbd127024,f31a17333556b5e7ac80078ae88c99f08af5269d75a4603c4f0b36336349361c,0,9,0.3,3672,3285,1377,1.6884531590413945,1.6884531590413945,0.0,48.0,48.0,8,True,1.6884531590413945,1.6884531590413945,0.0,49.0,49.0,8,True,16,16,0,1.6885,49.0,34.716,8,True,334.5492,0.0,dbe18431b40665eb5c94b9c583373a7e238246dd10d49e3e8b20473482fa1166,3.112
DSY1,semi,run_0015,random64,7.108611475128714,6.493256650172337,2.557740067304502,196.7752575852872,0.3508426889305577,0.0691978473194322,0.1775662031153719,0.1504932433886532,1.1382521186428864,0.3634006054515437,0.3251097153924657,0.0053423127877505,0.7756179975255327,0.2215221883714765,interfloor,ok,6784ed03b25f591dd7947741d768b3b75153b749d51d79a062d8445ead47f771,f31a17333556b5e7ac80078ae88c99f08af5269d75a4603c4f0b36336349361c,0,9,0.3,3672,3285,1377,1.579520697167756,1.579520697167756,0.0,45.0,45.0,5,True,1.5522875816993464,1.5522875816993464,0.0,45.0,45.0,5,True,13,13,0,1.5795,45.0,34.464,5,True,226.9846,0.0,eb9b75c6262ff73c3468692f6b9c24cef775f8bfa1a43092f5653186fb7b858f,2.964
DSY1,detached,run_0015,random64,7.108611475128714,6.493256650172337,2.557740067304502,196.7752575852872,0.3508426889305577,0.0691978473194322,0.1775662031153719,0.1504932433886532,1.1382521186428864,0.3634006054515437,0.3251097153924657,0.0053423127877505,0.7756179975255327,0.2215221883714765,shade_off,ok,a89f31338dbe0def1a240a8c2e403752fdf0f642ae8ca0a354aae3b36e4899c6,f31a17333556b5e7ac80078ae88c99f08af5269d75a4603c4f0b36336349361c,0,9,0.3,3672,3285,1377,1.6884531590413945,1.6884531590413945,0.0,49.0,49.0,10,True,2.0152505446623095,2.0152505446623095,0.0,58.0,58.0,28,True,15,15,0,2.0153,58.0,35.664,28,True,338.6841,0.0,da3dbe7b06f7a9c92f65ef6d6ce096195abbae73720e480ef29b6af2d22bc7aa,3.163
DSY1,semi,run_0015,random64,7.108611475128714,6.493256650172337,2.557740067304502,196.7752575852872,0.3508426889305577,0.0691978473194322,0.1775662031153719,0.1504932433886532,1.1382521186428864,0.3634006054515437,0.3251097153924657,0.0053423127877505,0.7756179975255327,0.2215221883714765,shade_off,ok,b5658103633dc62ae4fd36db01445206d7051ac5fbaa897fd85485a72fd5ec84,f31a17333556b5e7ac80078ae88c99f08af5269d75a4603c4f0b36336349361c,0,9,0.3,3672,3285,1377,1.6067538126361656,1.6067538126361656,0.0,45.0,45.0,5,True,1.8518518518518516,1.8518518518518516,0.0,55.0,55.0,15,True,13,14,1,1.8519,55.0,35.257,15,True,235.9328,0.0,3a3572be3682922c732cd1ec3c51ac170bc7458bf670d356146f300472519e43,2.59
DSY1,detached,run_0015,random64,7.108611475128714,6.493256650172337,2.557740067304502,196.7752575852872,0.3508426889305577,0.0691978473194322,0.1775662031153719,0.1504932433886532,1.1382521186428864,0.3634006054515437,0.3251097153924657,0.0053423127877505,0.7756179975255327,0.2215221883714765,vent_rotation,ok,c46be19efb76792273d4ac2838162ba393364dcc74cf7aeb9bf227d6769c92f6,f31a17333556b5e7ac80078ae88c99f08af5269d75a4603c4f0b36336349361c,0,9,0.3,3672,3285,1377,1.6339869281045754,1.6339869281045754,0.0,45.0,45.0,7,True,1.7973856209150325,1.7973856209150325,0.0,52.0,52.0,16,True,13,14,1,1.7974,52.0,35.226,16,True,335.0202,0.0,c4d0f2b001006c5ea852755aa583799f06a3fa6aeaeb8fbd57b3027977caab74,3.1
DSY1,semi,run_0015,random64,7.108611475128714,6.493256650172337,2.557740067304502,196.7752575852872,0.3508426889305577,0.0691978473194322,0.1775662031153719,0.1504932433886532,1.1382521186428864,0.3634006054515437,0.3251097153924657,0.0053423127877505,0.7756179975255327,0.2215221883714765,vent_rotation,ok,a8e2288e29138232654dbd9ab40a4ddcde25dd835a54779bbc866d11ef986143,f31a17333556b5e7ac80078ae88c99f08af5269d75a4603c4f0b36336349361c,0,9,0.3,3672,3285,1377,1.5250544662309369,1.5250544662309369,0.0,44.0,44.0,5,True,1.661220043572985,1.661220043572985,0.0,50.0,50.0,9,True,14,14,0,1.6612,50.0,34.951,9,True,212.16,0.0,60fe025e8d8a166786d6c7c0c067192defcf70aba05b03d4462b9240089bf435,2.987
TMYx,semi,run_0015,random64,7.108611475128714,6.493256650172337,2.557740067304502,196.7752575852872,0.3508426889305577,0.0691978473194322,0.1775662031153719,0.1504932433886532,1.1382521186428864,0.3634006054515437,0.3251097153924657,0.0053423127877505,0.7756179975255327,0.2215221883714765,attic_party,ok,963fe809a65c98e5873ac26b733cc3fc29ec31572413aec80a3cf1f4704b33ea,a7676adf7325bfb343f6c417192d290b066bce867e21167f03dea860d196b49e,0,8,0.3,3672,3285,1377,0.027233115468409588,0.027233115468409588,0.0,4.0,4.0,0,False,0.13616557734204793,0.13616557734204793,0.0,8.0,8.0,0,False,0,0,0,0.1362,8.0,29.749,0,False,277.9684,0.0,5756d2cb0aea6a98313fe10f497dbc97b276076b3e674e3c77b72ede8e04e439,2.965
TMYx,detached,run_0015,random64,7.108611475128714,6.493256650172337,2.557740067304502,196.7752575852872,0.3508426889305577,0.0691978473194322,0.1775662031153719,0.1504932433886532,1.1382521186428864,0.3634006054515437,0.3251097153924657,0.0053423127877505,0.7756179975255327,0.2215221883714765,combined,ok,0840e49c16ae7b1bb535995346e7f03796f309b8557a1f1ede6a1b09bb5d435d,a7676adf7325bfb343f6c417192d290b066bce867e21167f03dea860d196b49e,0,8,0.3,3672,3285,1377,0.1906318082788671,0.1906318082788671,0.0,10.0,10.0,0,False,0.1906318082788671,0.1906318082788671,0.0,9.0,9.0,0,False,1,1,0,0.1906,10.0,29.97,0,False,402.8197,0.0,4d696af683db2f6ebd16600c262a1a1742272e9f1ab6a551cef0a5b3e116ae71,3.116
TMYx,semi,run_0015,random64,7.108611475128714,6.493256650172337,2.557740067304502,196.7752575852872,0.3508426889305577,0.0691978473194322,0.1775662031153719,0.1504932433886532,1.1382521186428864,0.3634006054515437,0.3251097153924657,0.0053423127877505,0.7756179975255327,0.2215221883714765,combined,ok,b65901d15ecde4e7f7fe8af0db62f05dffc08bd8694bcf2ab59252800f017dd7,a7676adf7325bfb343f6c417192d290b066bce867e21167f03dea860d196b49e,0,8,0.3,3672,3285,1377,0.08169934640522876,0.08169934640522876,0.0,6.0,6.0,0,False,0.054466230936819175,0.054466230936819175,0.0,4.0,4.0,0,False,0,0,0,0.0817,6.0,29.421,0,False,253.9956,0.0,bdc72f0f84c8a470f999205f491887b32b31a868bffb3cc074fdbfe5de927cee,2.936
TMYx,detached,run_0015,random64,7.108611475128714,6.493256650172337,2.557740067304502,196.7752575852872,0.3508426889305577,0.0691978473194322,0.1775662031153719,0.1504932433886532,1.1382521186428864,0.3634006054515437,0.3251097153924657,0.0053423127877505,0.7756179975255327,0.2215221883714765,interfloor,ok,81097300d963b5e06c7ce68f88e342135b94ec99c2d62da71d3cb49dbd127024,a7676adf7325bfb343f6c417192d290b066bce867e21167f03dea860d196b49e,0,8,0.3,3672,3285,1377,0.1906318082788671,0.1906318082788671,0.0,10.0,10.0,0,False,0.1906318082788671,0.1906318082788671,0.0,9.0,9.0,0,False,1,1,0,0.1906,10.0,29.97,0,False,402.5446,0.0,3c131cc6b85326548fbd425f4dbad94cfb5119c1cf826a0df5be39d658f0443b,3.037
TMYx,semi,run_0015,random64,7.108611475128714,6.493256650172337,2.557740067304502,196.7752575852872,0.3508426889305577,0.0691978473194322,0.1775662031153719,0.1504932433886532,1.1382521186428864,0.3634006054515437,0.3251097153924657,0.0053423127877505,0.7756179975255327,0.2215221883714765,interfloor,ok,6784ed03b25f591dd7947741d768b3b75153b749d51d79a062d8445ead47f771,a7676adf7325bfb343f6c417192d290b066bce867e21167f03dea860d196b49e,0,8,0.3,3672,3285,1377,0.08169934640522876,0.08169934640522876,0.0,6.0,6.0,0,False,0.054466230936819175,0.054466230936819175,0.0,5.0,5.0,0,False,0,0,0,0.0817,6.0,29.522,0,False,268.5189,0.0,981e3802669f965cbc8029d3d97e7f759bad2ae146c7f68e8be8f3cfa2d06c57,2.979
TMYx,detached,run_0015,random64,7.108611475128714,6.493256650172337,2.557740067304502,196.7752575852872,0.3508426889305577,0.0691978473194322,0.1775662031153719,0.1504932433886532,1.1382521186428864,0.3634006054515437,0.3251097153924657,0.0053423127877505,0.7756179975255327,0.2215221883714765,shade_off,ok,a89f31338dbe0def1a240a8c2e403752fdf0f642ae8ca0a354aae3b36e4899c6,a7676adf7325bfb343f6c417192d290b066bce867e21167f03dea860d196b49e,0,8,0.3,3672,3285,1377,0.3540305010893246,0.3540305010893246,0.0,11.0,11.0,0,False,0.789760348583878,0.789760348583878,0.0,18.0,18.0,0,False,1,1,0,0.7898,18.0,31.043,0,False,413.5043,0.0,d9da3da3eba8ce16ebb0f24360c1c80f91cd095cb0b26fa7a453696e1e9cf1c2,3.04
TMYx,semi,run_0015,random64,7.108611475128714,6.493256650172337,2.557740067304502,196.7752575852872,0.3508426889305577,0.0691978473194322,0.1775662031153719,0.1504932433886532,1.1382521186428864,0.3634006054515437,0.3251097153924657,0.0053423127877505,0.7756179975255327,0.2215221883714765,shade_off,ok,b5658103633dc62ae4fd36db01445206d7051ac5fbaa897fd85485a72fd5ec84,a7676adf7325bfb343f6c417192d290b066bce867e21167f03dea860d196b49e,0,8,0.3,3672,3285,1377,0.08169934640522876,0.08169934640522876,0.0,6.0,6.0,0,False,0.3540305010893246,0.3540305010893246,0.0,11.0,11.0,0,False,0,0,0,0.354,11.0,30.132,0,False,278.9112,0.0,ef9bd5235936549e1f409df1bb9a46bbed0d732bb9fee882e76de359695d253a,2.968
TMYx,detached,run_0015,random64,7.108611475128714,6.493256650172337,2.557740067304502,196.7752575852872,0.3508426889305577,0.0691978473194322,0.1775662031153719,0.1504932433886532,1.1382521186428864,0.3634006054515437,0.3251097153924657,0.0053423127877505,0.7756179975255327,0.2215221883714765,vent_rotation,ok,c46be19efb76792273d4ac2838162ba393364dcc74cf7aeb9bf227d6769c92f6,a7676adf7325bfb343f6c417192d290b066bce867e21167f03dea860d196b49e,0,8,0.3,3672,3285,1377,0.16339869281045752,0.16339869281045752,0.0,9.0,9.0,0,False,0.3812636165577342,0.3812636165577342,0.0,12.0,12.0,0,False,0,0,0,0.3813,12.0,30.365,0,False,415.9566,0.0,0ae48d0a46ca58f7b6fed142d727d26b64c515fa43b8cd19fd5032c3a2e1044a,3.158
TMYx,semi,run_0015,random64,7.108611475128714,6.493256650172337,2.557740067304502,196.7752575852872,0.3508426889305577,0.0691978473194322,0.1775662031153719,0.1504932433886532,1.1382521186428864,0.3634006054515437,0.3251097153924657,0.0053423127877505,0.7756179975255327,0.2215221883714765,vent_rotation,ok,a8e2288e29138232654dbd9ab40a4ddcde25dd835a54779bbc866d11ef986143,a7676adf7325bfb343f6c417192d290b066bce867e21167f03dea860d196b49e,0,8,0.3,3672,3285,1377,0.027233115468409588,0.027233115468409588,0.0,4.0,4.0,0,False,0.10893246187363835,0.10893246187363835,0.0,8.0,8.0,0,False,0,0,0,0.1089,8.0,29.667,0,False,262.037,0.0,870a4dc4e72de6bda8045676e7d6e5e9d9d68010b677bc2d79fc4f34d767188c,2.976
