weather,archetype,variant,cohort,flag,n,old_count,new_count,newly_exceeding,no_longer_exceeding
DSY1,detached,combined,random64,C1_gt3,64,0,0,0,0
DSY1,detached,combined,random64,C2_gt6,64,64,64,0,0
DSY1,detached,combined,random64,C3_nonzero,64,64,63,0,1
DSY1,detached,combined,random64,night_summer_gt32,64,2,2,0,0
DSY1,detached,combined,random64,night_annual_gt32,64,3,2,0,1
DSY1,detached,combined,random64,same_zone_two_of_three_proxy,64,64,63,0,1
DSY1,detached,combined,stress16,C1_gt3,16,5,5,0,0
DSY1,detached,combined,stress16,C2_gt6,16,16,16,0,0
DSY1,detached,combined,stress16,C3_nonzero,16,16,16,0,0
DSY1,detached,combined,stress16,night_summer_gt32,16,7,7,0,0
DSY1,detached,combined,stress16,night_annual_gt32,16,7,7,0,0
DSY1,detached,combined,stress16,same_zone_two_of_three_proxy,16,16,16,0,0
DSY1,detached,interfloor,random64,C1_gt3,64,0,0,0,0
DSY1,detached,interfloor,random64,C2_gt6,64,64,64,0,0
DSY1,detached,interfloor,random64,C3_nonzero,64,64,63,0,1
DSY1,detached,interfloor,random64,night_summer_gt32,64,2,2,0,0
DSY1,detached,interfloor,random64,night_annual_gt32,64,3,2,0,1
DSY1,detached,interfloor,random64,same_zone_two_of_three_proxy,64,64,63,0,1
DSY1,detached,interfloor,stress16,C1_gt3,16,5,4,0,1
DSY1,detached,interfloor,stress16,C2_gt6,16,16,16,0,0
DSY1,detached,interfloor,stress16,C3_nonzero,16,16,16,0,0
DSY1,detached,interfloor,stress16,night_summer_gt32,16,7,7,0,0
DSY1,detached,interfloor,stress16,night_annual_gt32,16,7,7,0,0
DSY1,detached,interfloor,stress16,same_zone_two_of_three_proxy,16,16,16,0,0
DSY1,detached,shade_off,random64,C1_gt3,64,0,5,5,0
DSY1,detached,shade_off,random64,C2_gt6,64,64,64,0,0
DSY1,detached,shade_off,random64,C3_nonzero,64,64,64,0,0
DSY1,detached,shade_off,random64,night_summer_gt32,64,2,3,1,0
DSY1,detached,shade_off,random64,night_annual_gt32,64,3,6,3,0
DSY1,detached,shade_off,random64,same_zone_two_of_three_proxy,64,64,64,0,0
DSY1,detached,shade_off,stress16,C1_gt3,16,5,7,2,0
DSY1,detached,shade_off,stress16,C2_gt6,16,16,16,0,0
DSY1,detached,shade_off,stress16,C3_nonzero,16,16,16,0,0
DSY1,detached,shade_off,stress16,night_summer_gt32,16,7,7,0,0
DSY1,detached,shade_off,stress16,night_annual_gt32,16,7,7,0,0
DSY1,detached,shade_off,stress16,same_zone_two_of_three_proxy,16,16,16,0,0
DSY1,detached,vent_rotation,random64,C1_gt3,64,0,0,0,0
DSY1,detached,vent_rotation,random64,C2_gt6,64,64,64,0,0
DSY1,detached,vent_rotation,random64,C3_nonzero,64,64,64,0,0
DSY1,detached,vent_rotation,random64,night_summer_gt32,64,2,2,0,0
DSY1,detached,vent_rotation,random64,night_annual_gt32,64,3,3,0,0
DSY1,detached,vent_rotation,random64,same_zone_two_of_three_proxy,64,64,64,0,0
DSY1,detached,vent_rotation,stress16,C1_gt3,16,5,5,0,0
DSY1,detached,vent_rotation,stress16,C2_gt6,16,16,16,0,0
DSY1,detached,vent_rotation,stress16,C3_nonzero,16,16,16,0,0
DSY1,detached,vent_rotation,stress16,night_summer_gt32,16,7,7,0,0
DSY1,detached,vent_rotation,stress16,night_annual_gt32,16,7,7,0,0
DSY1,detached,vent_rotation,stress16,same_zone_two_of_three_proxy,16,16,16,0,0
DSY1,semi,attic_party,random64,C1_gt3,64,0,0,0,0
DSY1,semi,attic_party,random64,C2_gt6,64,64,64,0,0
DSY1,semi,attic_party,random64,C3_nonzero,64,63,63,0,0
DSY1,semi,attic_party,random64,night_summer_gt32,64,1,1,0,0
DSY1,semi,attic_party,random64,night_annual_gt32,64,2,2,0,0
DSY1,semi,attic_party,random64,same_zone_two_of_three_proxy,64,63,63,0,0
DSY1,semi,attic_party,stress16,C1_gt3,16,3,3,0,0
DSY1,semi,attic_party,stress16,C2_gt6,16,16,16,0,0
DSY1,semi,attic_party,stress16,C3_nonzero,16,16,16,0,0
DSY1,semi,attic_party,stress16,night_summer_gt32,16,6,6,0,0
DSY1,semi,attic_party,stress16,night_annual_gt32,16,6,6,0,0
DSY1,semi,attic_party,stress16,same_zone_two_of_three_proxy,16,16,16,0,0
DSY1,semi,combined,random64,C1_gt3,64,0,0,0,0
DSY1,semi,combined,random64,C2_gt6,64,64,64,0,0
DSY1,semi,combined,random64,C3_nonzero,64,63,55,0,8
DSY1,semi,combined,random64,night_summer_gt32,64,1,1,0,0
DSY1,semi,combined,random64,night_annual_gt32,64,2,1,0,1
DSY1,semi,combined,random64,same_zone_two_of_three_proxy,64,63,55,0,8
DSY1,semi,combined,stress16,C1_gt3,16,3,2,0,1
DSY1,semi,combined,stress16,C2_gt6,16,16,16,0,0
DSY1,semi,combined,stress16,C3_nonzero,16,16,16,0,0
DSY1,semi,combined,stress16,night_summer_gt32,16,6,7,1,0
DSY1,semi,combined,stress16,night_annual_gt32,16,6,7,1,0
DSY1,semi,combined,stress16,same_zone_two_of_three_proxy,16,16,16,0,0
DSY1,semi,interfloor,random64,C1_gt3,64,0,0,0,0
DSY1,semi,interfloor,random64,C2_gt6,64,64,64,0,0
DSY1,semi,interfloor,random64,C3_nonzero,64,63,60,0,3
DSY1,semi,interfloor,random64,night_summer_gt32,64,1,1,0,0
DSY1,semi,interfloor,random64,night_annual_gt32,64,2,1,0,1
DSY1,semi,interfloor,random64,same_zone_two_of_three_proxy,64,63,60,0,3
DSY1,semi,interfloor,stress16,C1_gt3,16,3,2,0,1
DSY1,semi,interfloor,stress16,C2_gt6,16,16,16,0,0
DSY1,semi,interfloor,stress16,C3_nonzero,16,16,16,0,0
DSY1,semi,interfloor,stress16,night_summer_gt32,16,6,7,1,0
DSY1,semi,interfloor,stress16,night_annual_gt32,16,6,7,1,0
DSY1,semi,interfloor,stress16,same_zone_two_of_three_proxy,16,16,16,0,0
DSY1,semi,shade_off,random64,C1_gt3,64,0,2,2,0
DSY1,semi,shade_off,random64,C2_gt6,64,64,64,0,0
DSY1,semi,shade_off,random64,C3_nonzero,64,63,64,1,0
DSY1,semi,shade_off,random64,night_summer_gt32,64,1,5,4,0
DSY1,semi,shade_off,random64,night_annual_gt32,64,2,6,4,0
DSY1,semi,shade_off,random64,same_zone_two_of_three_proxy,64,63,64,1,0
DSY1,semi,shade_off,stress16,C1_gt3,16,3,6,3,0
DSY1,semi,shade_off,stress16,C2_gt6,16,16,16,0,0
DSY1,semi,shade_off,stress16,C3_nonzero,16,16,16,0,0
DSY1,semi,shade_off,stress16,night_summer_gt32,16,6,7,1,0
DSY1,semi,shade_off,stress16,night_annual_gt32,16,6,8,2,0
DSY1,semi,shade_off,stress16,same_zone_two_of_three_proxy,16,16,16,0,0
DSY1,semi,vent_rotation,random64,C1_gt3,64,0,0,0,0
DSY1,semi,vent_rotation,random64,C2_gt6,64,64,64,0,0
DSY1,semi,vent_rotation,random64,C3_nonzero,64,63,63,0,0
DSY1,semi,vent_rotation,random64,night_summer_gt32,64,1,1,0,0
DSY1,semi,vent_rotation,random64,night_annual_gt32,64,2,4,2,0
DSY1,semi,vent_rotation,random64,same_zone_two_of_three_proxy,64,63,63,0,0
DSY1,semi,vent_rotation,stress16,C1_gt3,16,3,4,1,0
DSY1,semi,vent_rotation,stress16,C2_gt6,16,16,16,0,0
DSY1,semi,vent_rotation,stress16,C3_nonzero,16,16,16,0,0
DSY1,semi,vent_rotation,stress16,night_summer_gt32,16,6,6,0,0
DSY1,semi,vent_rotation,stress16,night_annual_gt32,16,6,6,0,0
DSY1,semi,vent_rotation,stress16,same_zone_two_of_three_proxy,16,16,16,0,0
TMYx,detached,combined,random64,C1_gt3,64,0,0,0,0
TMYx,detached,combined,random64,C2_gt6,64,37,26,0,11
TMYx,detached,combined,random64,C3_nonzero,64,0,0,0,0
TMYx,detached,combined,random64,night_summer_gt32,64,0,0,0,0
TMYx,detached,combined,random64,night_annual_gt32,64,0,0,0,0
TMYx,detached,combined,random64,same_zone_two_of_three_proxy,64,0,0,0,0
TMYx,detached,combined,stress16,C1_gt3,16,0,0,0,0
TMYx,detached,combined,stress16,C2_gt6,16,15,13,0,2
TMYx,detached,combined,stress16,C3_nonzero,16,1,0,0,1
TMYx,detached,combined,stress16,night_summer_gt32,16,3,3,0,0
TMYx,detached,combined,stress16,night_annual_gt32,16,4,5,1,0
TMYx,detached,combined,stress16,same_zone_two_of_three_proxy,16,1,0,0,1
TMYx,detached,interfloor,random64,C1_gt3,64,0,0,0,0
TMYx,detached,interfloor,random64,C2_gt6,64,37,26,0,11
TMYx,detached,interfloor,random64,C3_nonzero,64,0,0,0,0
TMYx,detached,interfloor,random64,night_summer_gt32,64,0,0,0,0
TMYx,detached,interfloor,random64,night_annual_gt32,64,0,0,0,0
TMYx,detached,interfloor,random64,same_zone_two_of_three_proxy,64,0,0,0,0
TMYx,detached,interfloor,stress16,C1_gt3,16,0,0,0,0
TMYx,detached,interfloor,stress16,C2_gt6,16,15,13,0,2
TMYx,detached,interfloor,stress16,C3_nonzero,16,1,0,0,1
TMYx,detached,interfloor,stress16,night_summer_gt32,16,3,2,0,1
TMYx,detached,interfloor,stress16,night_annual_gt32,16,4,5,1,0
TMYx,detached,interfloor,stress16,same_zone_two_of_three_proxy,16,1,0,0,1
TMYx,detached,shade_off,random64,C1_gt3,64,0,0,0,0
TMYx,detached,shade_off,random64,C2_gt6,64,37,43,6,0
TMYx,detached,shade_off,random64,C3_nonzero,64,0,5,5,0
TMYx,detached,shade_off,random64,night_summer_gt32,64,0,0,0,0
TMYx,detached,shade_off,random64,night_annual_gt32,64,0,0,0,0
TMYx,detached,shade_off,random64,same_zone_two_of_three_proxy,64,0,5,5,0
TMYx,detached,shade_off,stress16,C1_gt3,16,0,1,1,0
TMYx,detached,shade_off,stress16,C2_gt6,16,15,16,1,0
TMYx,detached,shade_off,stress16,C3_nonzero,16,1,8,7,0
TMYx,detached,shade_off,stress16,night_summer_gt32,16,3,3,0,0
TMYx,detached,shade_off,stress16,night_annual_gt32,16,4,5,1,0
TMYx,detached,shade_off,stress16,same_zone_two_of_three_proxy,16,1,8,7,0
TMYx,detached,vent_rotation,random64,C1_gt3,64,0,0,0,0
TMYx,detached,vent_rotation,random64,C2_gt6,64,37,37,0,0
TMYx,detached,vent_rotation,random64,C3_nonzero,64,0,1,1,0
TMYx,detached,vent_rotation,random64,night_summer_gt32,64,0,0,0,0
TMYx,detached,vent_rotation,random64,night_annual_gt32,64,0,0,0,0
TMYx,detached,vent_rotation,random64,same_zone_two_of_three_proxy,64,0,1,1,0
TMYx,detached,vent_rotation,stress16,C1_gt3,16,0,0,0,0
TMYx,detached,vent_rotation,stress16,C2_gt6,16,15,15,0,0
TMYx,detached,vent_rotation,stress16,C3_nonzero,16,1,1,0,0
TMYx,detached,vent_rotation,stress16,night_summer_gt32,16,3,3,0,0
TMYx,detached,vent_rotation,stress16,night_annual_gt32,16,4,4,0,0
TMYx,detached,vent_rotation,stress16,same_zone_two_of_three_proxy,16,1,1,0,0
TMYx,semi,attic_party,random64,C1_gt3,64,0,0,0,0
TMYx,semi,attic_party,random64,C2_gt6,64,29,28,0,1
TMYx,semi,attic_party,random64,C3_nonzero,64,0,0,0,0
TMYx,semi,attic_party,random64,night_summer_gt32,64,0,0,0,0
TMYx,semi,attic_party,random64,night_annual_gt32,64,0,0,0,0
TMYx,semi,attic_party,random64,same_zone_two_of_three_proxy,64,0,0,0,0
TMYx,semi,attic_party,stress16,C1_gt3,16,0,0,0,0
TMYx,semi,attic_party,stress16,C2_gt6,16,13,13,0,0
TMYx,semi,attic_party,stress16,C3_nonzero,16,0,0,0,0
TMYx,semi,attic_party,stress16,night_summer_gt32,16,0,0,0,0
TMYx,semi,attic_party,stress16,night_annual_gt32,16,3,3,0,0
TMYx,semi,attic_party,stress16,same_zone_two_of_three_proxy,16,0,0,0,0
TMYx,semi,combined,random64,C1_gt3,64,0,0,0,0
TMYx,semi,combined,random64,C2_gt6,64,29,13,0,16
TMYx,semi,combined,random64,C3_nonzero,64,0,0,0,0
TMYx,semi,combined,random64,night_summer_gt32,64,0,0,0,0
TMYx,semi,combined,random64,night_annual_gt32,64,0,0,0,0
TMYx,semi,combined,random64,same_zone_two_of_three_proxy,64,0,0,0,0
TMYx,semi,combined,stress16,C1_gt3,16,0,0,0,0
TMYx,semi,combined,stress16,C2_gt6,16,13,9,0,4
TMYx,semi,combined,stress16,C3_nonzero,16,0,0,0,0
TMYx,semi,combined,stress16,night_summer_gt32,16,0,0,0,0
TMYx,semi,combined,stress16,night_annual_gt32,16,3,4,1,0
TMYx,semi,combined,stress16,same_zone_two_of_three_proxy,16,0,0,0,0
TMYx,semi,interfloor,random64,C1_gt3,64,0,0,0,0
TMYx,semi,interfloor,random64,C2_gt6,64,29,14,0,15
TMYx,semi,interfloor,random64,C3_nonzero,64,0,0,0,0
TMYx,semi,interfloor,random64,night_summer_gt32,64,0,1,1,0
TMYx,semi,interfloor,random64,night_annual_gt32,64,0,1,1,0
TMYx,semi,interfloor,random64,same_zone_two_of_three_proxy,64,0,0,0,0
TMYx,semi,interfloor,stress16,C1_gt3,16,0,0,0,0
TMYx,semi,interfloor,stress16,C2_gt6,16,13,10,0,3
TMYx,semi,interfloor,stress16,C3_nonzero,16,0,0,0,0
TMYx,semi,interfloor,stress16,night_summer_gt32,16,0,1,1,0
TMYx,semi,interfloor,stress16,night_annual_gt32,16,3,6,3,0
TMYx,semi,interfloor,stress16,same_zone_two_of_three_proxy,16,0,0,0,0
TMYx,semi,shade_off,random64,C1_gt3,64,0,0,0,0
TMYx,semi,shade_off,random64,C2_gt6,64,29,36,7,0
TMYx,semi,shade_off,random64,C3_nonzero,64,0,2,2,0
TMYx,semi,shade_off,random64,night_summer_gt32,64,0,0,0,0
TMYx,semi,shade_off,random64,night_annual_gt32,64,0,2,2,0
TMYx,semi,shade_off,random64,same_zone_two_of_three_proxy,64,0,2,2,0
TMYx,semi,shade_off,stress16,C1_gt3,16,0,0,0,0
TMYx,semi,shade_off,stress16,C2_gt6,16,13,16,3,0
TMYx,semi,shade_off,stress16,C3_nonzero,16,0,6,6,0
TMYx,semi,shade_off,stress16,night_summer_gt32,16,0,2,2,0
TMYx,semi,shade_off,stress16,night_annual_gt32,16,3,6,3,0
TMYx,semi,shade_off,stress16,same_zone_two_of_three_proxy,16,0,6,6,0
TMYx,semi,vent_rotation,random64,C1_gt3,64,0,0,0,0
TMYx,semi,vent_rotation,random64,C2_gt6,64,29,27,0,2
TMYx,semi,vent_rotation,random64,C3_nonzero,64,0,1,1,0
TMYx,semi,vent_rotation,random64,night_summer_gt32,64,0,0,0,0
TMYx,semi,vent_rotation,random64,night_annual_gt32,64,0,0,0,0
TMYx,semi,vent_rotation,random64,same_zone_two_of_three_proxy,64,0,1,1,0
TMYx,semi,vent_rotation,stress16,C1_gt3,16,0,0,0,0
TMYx,semi,vent_rotation,stress16,C2_gt6,16,13,13,0,0
TMYx,semi,vent_rotation,stress16,C3_nonzero,16,0,0,0,0
TMYx,semi,vent_rotation,stress16,night_summer_gt32,16,0,0,0,0
TMYx,semi,vent_rotation,stress16,night_annual_gt32,16,3,3,0,0
TMYx,semi,vent_rotation,stress16,same_zone_two_of_three_proxy,16,0,0,0,0
