run_id,split
run_0000,train
run_0001,train
run_0002,train
run_0003,train
run_0004,train
run_0005,train
run_0006,train
run_0007,train
run_0008,train
run_0009,train
run_0010,train
run_0011,train
run_0012,test
run_0013,train
run_0014,train
run_0015,train
run_0016,train
run_0017,train
run_0018,train
run_0019,train
run_0020,train
run_0021,test
run_0022,train
run_0023,train
run_0024,train
run_0025,train
run_0026,train
run_0027,train
run_0028,test
run_0029,train
run_0030,train
run_0031,train
run_0032,train
run_0033,train
run_0034,validation
run_0035,test
run_0036,train
run_0037,train
run_0038,train
run_0039,train
run_0040,train
run_0041,train
run_0042,test
run_0043,test
run_0044,train
run_0045,train
run_0046,train
run_0047,train
run_0048,train
run_0049,validation
run_0050,test
run_0051,validation
run_0052,train
run_0053,train
run_0054,train
run_0055,train
run_0056,train
run_0057,train
run_0058,train
run_0059,validation
run_0060,train
run_0061,train
run_0062,train
run_0063,test
run_0064,test
run_0065,train
run_0066,test
run_0067,train
run_0068,train
run_0069,train
run_0070,train
run_0071,train
run_0072,train
run_0073,train
run_0074,train
run_0075,test
run_0076,train
run_0077,train
run_0078,train
run_0079,train
run_0080,train
run_0081,train
run_0082,train
run_0083,train
run_0084,train
run_0085,train
run_0086,test
run_0087,train
run_0088,train
run_0089,train
run_0090,validation
run_0091,test
run_0092,validation
run_0093,train
run_0094,test
run_0095,train
run_0096,train
run_0097,train
run_0098,train
run_0099,train
run_0100,validation
run_0101,train
run_0102,train
run_0103,test
run_0104,test
run_0105,train
run_0106,train
run_0107,validation
run_0108,test
run_0109,train
run_0110,test
run_0111,train
run_0112,test
run_0113,validation
run_0114,test
run_0115,train
run_0116,train
run_0117,train
run_0118,train
run_0119,test
run_0120,train
run_0121,validation
run_0122,train
run_0123,train
run_0124,train
run_0125,validation
run_0126,train
run_0127,train
run_0128,validation
run_0129,validation
run_0130,validation
run_0131,test
run_0132,train
run_0133,validation
run_0134,train
run_0135,train
run_0136,train
run_0137,train
run_0138,train
run_0139,train
run_0140,train
run_0141,train
run_0142,test
run_0143,train
run_0144,train
run_0145,train
run_0146,train
run_0147,train
run_0148,test
run_0149,train
run_0150,train
run_0151,train
run_0152,train
run_0153,train
run_0154,train
run_0155,test
run_0156,train
run_0157,train
run_0158,validation
run_0159,train
run_0160,train
run_0161,train
run_0162,train
run_0163,train
run_0164,train
run_0165,train
run_0166,validation
run_0167,train
run_0168,train
run_0169,train
run_0170,train
run_0171,validation
run_0172,train
run_0173,train
run_0174,train
run_0175,train
run_0176,train
run_0177,train
run_0178,train
run_0179,train
run_0180,train
run_0181,train
run_0182,test
run_0183,train
run_0184,train
run_0185,validation
run_0186,train
run_0187,train
run_0188,train
run_0189,test
run_0190,validation
run_0191,train
run_0192,train
run_0193,train
run_0194,train
run_0195,train
run_0196,train
run_0197,train
run_0198,train
run_0199,train
run_0200,validation
run_0201,train
run_0202,validation
run_0203,validation
run_0204,test
run_0205,train
run_0206,test
run_0207,train
run_0208,validation
run_0209,test
run_0210,train
run_0211,train
run_0212,train
run_0213,train
run_0214,train
run_0215,train
run_0216,train
run_0217,train
run_0218,test
run_0219,train
run_0220,train
run_0221,test
run_0222,validation
run_0223,validation
run_0224,train
run_0225,validation
run_0226,test
run_0227,train
run_0228,train
run_0229,test
run_0230,train
run_0231,validation
run_0232,train
run_0233,train
run_0234,train
run_0235,test
run_0236,train
run_0237,train
run_0238,validation
run_0239,test
run_0240,validation
run_0241,train
run_0242,validation
run_0243,train
run_0244,train
run_0245,train
run_0246,train
run_0247,train
run_0248,train
run_0249,validation
run_0250,train
run_0251,train
run_0252,validation
run_0253,train
run_0254,train
run_0255,train
run_0256,test
run_0257,train
run_0258,validation
run_0259,train
run_0260,test
run_0261,test
run_0262,train
run_0263,validation
run_0264,train
run_0265,train
run_0266,test
run_0267,train
run_0268,train
run_0269,train
run_0270,train
run_0271,train
run_0272,train
run_0273,test
run_0274,train
run_0275,train
run_0276,validation
run_0277,test
run_0278,train
run_0279,validation
run_0280,validation
run_0281,train
run_0282,train
run_0283,train
run_0284,train
run_0285,validation
run_0286,train
run_0287,train
run_0288,train
run_0289,train
run_0290,train
run_0291,validation
run_0292,train
run_0293,train
run_0294,train
run_0295,train
run_0296,validation
run_0297,validation
run_0298,train
run_0299,train
run_0300,train
run_0301,test
run_0302,train
run_0303,train
run_0304,test
run_0305,train
run_0306,test
run_0307,train
run_0308,test
run_0309,test
run_0310,test
run_0311,validation
run_0312,train
run_0313,train
run_0314,test
run_0315,validation
run_0316,train
run_0317,train
run_0318,train
run_0319,train
run_0320,train
run_0321,validation
run_0322,train
run_0323,train
run_0324,train
run_0325,train
run_0326,test
run_0327,test
run_0328,test
run_0329,train
run_0330,train
run_0331,train
run_0332,train
run_0333,train
run_0334,train
run_0335,train
run_0336,test
run_0337,validation
run_0338,train
run_0339,train
run_0340,train
run_0341,validation
run_0342,train
run_0343,train
run_0344,train
run_0345,validation
run_0346,train
run_0347,train
run_0348,validation
run_0349,train
run_0350,train
run_0351,test
run_0352,train
run_0353,train
run_0354,train
run_0355,train
run_0356,train
run_0357,test
run_0358,train
run_0359,train
run_0360,train
run_0361,train
run_0362,validation
run_0363,train
run_0364,validation
run_0365,train
run_0366,train
run_0367,train
run_0368,validation
run_0369,validation
run_0370,train
run_0371,train
run_0372,test
run_0373,validation
run_0374,validation
run_0375,train
run_0376,train
run_0377,train
run_0378,train
run_0379,train
run_0380,train
run_0381,validation
run_0382,test
run_0383,train
run_0384,test
run_0385,train
run_0386,train
run_0387,train
run_0388,train
run_0389,validation
run_0390,train
run_0391,train
run_0392,train
run_0393,train
run_0394,test
run_0395,test
run_0396,train
run_0397,train
run_0398,train
run_0399,train
run_0400,train
run_0401,train
run_0402,validation
run_0403,train
run_0404,train
run_0405,validation
run_0406,train
run_0407,validation
run_0408,train
run_0409,train
run_0410,test
run_0411,train
run_0412,train
run_0413,validation
run_0414,train
run_0415,validation
run_0416,validation
run_0417,train
run_0418,train
run_0419,validation
run_0420,validation
run_0421,test
run_0422,validation
run_0423,train
run_0424,train
run_0425,train
run_0426,train
run_0427,test
run_0428,train
run_0429,validation
run_0430,train
run_0431,train
run_0432,validation
run_0433,test
run_0434,train
run_0435,validation
run_0436,train
run_0437,train
run_0438,validation
run_0439,train
run_0440,test
run_0441,train
run_0442,validation
run_0443,train
run_0444,train
run_0445,train
run_0446,train
run_0447,validation
run_0448,train
run_0449,test
run_0450,train
run_0451,train
run_0452,test
run_0453,train
run_0454,train
run_0455,train
run_0456,train
run_0457,train
run_0458,test
run_0459,train
run_0460,train
run_0461,validation
run_0462,train
run_0463,train
run_0464,train
run_0465,validation
run_0466,test
run_0467,validation
run_0468,train
run_0469,train
run_0470,train
run_0471,train
run_0472,validation
run_0473,train
run_0474,validation
run_0475,train
run_0476,train
run_0477,train
run_0478,test
run_0479,train
run_0480,train
run_0481,train
run_0482,train
run_0483,test
run_0484,train
run_0485,train
run_0486,train
run_0487,train
run_0488,train
run_0489,test
run_0490,train
run_0491,train
run_0492,train
run_0493,train
run_0494,train
run_0495,train
run_0496,train
run_0497,train
run_0498,test
run_0499,train
run_0500,train
run_0501,train
run_0502,train
run_0503,train
run_0504,validation
run_0505,train
run_0506,train
run_0507,train
run_0508,train
run_0509,train
run_0510,train
run_0511,train
run_0512,train
run_0513,train
run_0514,train
run_0515,train
run_0516,train
run_0517,train
run_0518,validation
run_0519,train
run_0520,test
run_0521,train
run_0522,train
run_0523,train
run_0524,test
run_0525,test
run_0526,train
run_0527,train
run_0528,train
run_0529,train
run_0530,train
run_0531,train
run_0532,train
run_0533,train
run_0534,train
run_0535,test
run_0536,train
run_0537,train
run_0538,train
run_0539,train
run_0540,train
run_0541,train
run_0542,train
run_0543,test
run_0544,train
run_0545,train
run_0546,test
run_0547,train
run_0548,train
run_0549,validation
run_0550,validation
run_0551,train
run_0552,train
run_0553,test
run_0554,test
run_0555,train
run_0556,train
run_0557,train
run_0558,test
run_0559,train
run_0560,train
run_0561,test
run_0562,train
run_0563,train
run_0564,test
run_0565,test
run_0566,train
run_0567,train
run_0568,train
run_0569,train
run_0570,train
run_0571,train
run_0572,train
run_0573,train
run_0574,validation
run_0575,train
run_0576,train
run_0577,train
run_0578,train
run_0579,train
run_0580,validation
run_0581,train
run_0582,test
run_0583,train
run_0584,train
run_0585,test
run_0586,train
run_0587,train
run_0588,train
run_0589,train
run_0590,train
run_0591,train
run_0592,train
run_0593,train
run_0594,test
run_0595,train
run_0596,train
run_0597,train
run_0598,train
run_0599,train
run_0600,train
run_0601,train
run_0602,validation
run_0603,train
run_0604,train
run_0605,train
run_0606,train
run_0607,train
run_0608,train
run_0609,train
run_0610,train
run_0611,train
run_0612,train
run_0613,test
run_0614,train
run_0615,train
run_0616,train
run_0617,validation
run_0618,train
run_0619,train
run_0620,validation
run_0621,validation
run_0622,train
run_0623,train
run_0624,validation
run_0625,train
run_0626,train
run_0627,test
run_0628,test
run_0629,train
run_0630,train
run_0631,train
run_0632,train
run_0633,train
run_0634,train
run_0635,validation
run_0636,train
run_0637,test
run_0638,train
run_0639,train
run_0640,train
run_0641,test
run_0642,train
run_0643,train
run_0644,train
run_0645,train
run_0646,train
run_0647,test
run_0648,train
run_0649,train
run_0650,test
run_0651,test
run_0652,train
run_0653,test
run_0654,train
run_0655,train
run_0656,test
run_0657,test
run_0658,train
run_0659,train
run_0660,validation
run_0661,train
run_0662,validation
run_0663,train
run_0664,train
run_0665,validation
run_0666,train
run_0667,train
run_0668,test
run_0669,validation
run_0670,validation
run_0671,train
run_0672,train
run_0673,train
run_0674,train
run_0675,train
run_0676,train
run_0677,train
run_0678,train
run_0679,validation
run_0680,test
run_0681,train
run_0682,test
run_0683,train
run_0684,train
run_0685,train
run_0686,train
run_0687,validation
run_0688,train
run_0689,test
run_0690,train
run_0691,train
run_0692,train
run_0693,train
run_0694,train
run_0695,train
run_0696,train
run_0697,train
run_0698,test
run_0699,train
run_0700,test
run_0701,train
run_0702,test
run_0703,train
run_0704,train
run_0705,train
run_0706,train
run_0707,train
run_0708,test
run_0709,validation
run_0710,train
run_0711,test
run_0712,train
run_0713,train
run_0714,train
run_0715,train
run_0716,validation
run_0717,test
run_0718,train
run_0719,validation
run_0720,train
run_0721,train
run_0722,train
run_0723,train
run_0724,test
run_0725,train
run_0726,train
run_0727,train
run_0728,train
run_0729,train
run_0730,train
run_0731,train
run_0732,test
run_0733,test
run_0734,test
run_0735,train
run_0736,train
run_0737,train
run_0738,train
run_0739,validation
run_0740,validation
run_0741,validation
run_0742,test
run_0743,train
run_0744,train
run_0745,train
run_0746,train
run_0747,train
run_0748,validation
run_0749,validation
run_0750,train
run_0751,train
run_0752,validation
run_0753,test
run_0754,train
run_0755,train
run_0756,validation
run_0757,train
run_0758,train
run_0759,train
run_0760,train
run_0761,train
run_0762,train
run_0763,validation
run_0764,test
run_0765,train
run_0766,train
run_0767,train
run_0768,train
run_0769,train
run_0770,train
run_0771,train
run_0772,test
run_0773,train
run_0774,train
run_0775,test
run_0776,train
run_0777,train
run_0778,train
run_0779,test
run_0780,train
run_0781,validation
run_0782,train
run_0783,train
run_0784,test
run_0785,test
run_0786,train
run_0787,test
run_0788,validation
run_0789,validation
run_0790,train
run_0791,train
run_0792,test
run_0793,train
run_0794,validation
run_0795,train
run_0796,train
run_0797,test
run_0798,train
run_0799,train
run_0800,train
run_0801,train
run_0802,train
run_0803,validation
run_0804,train
run_0805,validation
run_0806,train
run_0807,test
run_0808,validation
run_0809,train
run_0810,train
run_0811,validation
run_0812,train
run_0813,train
run_0814,train
run_0815,train
run_0816,train
run_0817,test
run_0818,train
run_0819,train
run_0820,validation
run_0821,validation
run_0822,test
run_0823,train
run_0824,test
run_0825,train
run_0826,train
run_0827,train
run_0828,test
run_0829,train
run_0830,train
run_0831,train
run_0832,validation
run_0833,validation
run_0834,train
run_0835,train
run_0836,train
run_0837,train
run_0838,test
run_0839,train
run_0840,train
run_0841,train
run_0842,test
run_0843,train
run_0844,train
run_0845,train
run_0846,train
run_0847,test
run_0848,train
run_0849,validation
run_0850,train
run_0851,train
run_0852,train
run_0853,train
run_0854,train
run_0855,train
run_0856,test
run_0857,train
run_0858,train
run_0859,train
run_0860,test
run_0861,train
run_0862,train
run_0863,test
run_0864,train
run_0865,train
run_0866,train
run_0867,train
run_0868,train
run_0869,validation
run_0870,train
run_0871,test
run_0872,validation
run_0873,train
run_0874,train
run_0875,train
run_0876,validation
run_0877,train
run_0878,train
run_0879,validation
run_0880,train
run_0881,train
run_0882,train
run_0883,train
run_0884,train
run_0885,train
run_0886,train
run_0887,train
run_0888,train
run_0889,validation
run_0890,test
run_0891,test
run_0892,train
run_0893,train
run_0894,validation
run_0895,test
run_0896,train
run_0897,train
run_0898,train
run_0899,train
run_0900,train
run_0901,train
run_0902,train
run_0903,test
run_0904,train
run_0905,train
run_0906,train
run_0907,test
run_0908,train
run_0909,train
run_0910,train
run_0911,train
run_0912,test
run_0913,train
run_0914,train
run_0915,train
run_0916,train
run_0917,test
run_0918,test
run_0919,train
run_0920,train
run_0921,train
run_0922,train
run_0923,test
run_0924,train
run_0925,train
run_0926,train
run_0927,train
run_0928,test
run_0929,train
run_0930,train
run_0931,train
run_0932,train
run_0933,train
run_0934,train
run_0935,validation
run_0936,train
run_0937,train
run_0938,test
run_0939,validation
run_0940,train
run_0941,train
run_0942,train
run_0943,train
run_0944,train
run_0945,validation
run_0946,train
run_0947,train
run_0948,test
run_0949,train
run_0950,validation
run_0951,validation
run_0952,train
run_0953,train
run_0954,train
run_0955,validation
run_0956,test
run_0957,train
run_0958,test
run_0959,train
run_0960,test
run_0961,train
run_0962,validation
run_0963,train
run_0964,train
run_0965,train
run_0966,train
run_0967,train
run_0968,test
run_0969,train
run_0970,train
run_0971,train
run_0972,train
run_0973,test
run_0974,train
run_0975,test
run_0976,validation
run_0977,train
run_0978,train
run_0979,train
run_0980,train
run_0981,train
run_0982,train
run_0983,train
run_0984,train
run_0985,train
run_0986,train
run_0987,train
run_0988,train
run_0989,train
run_0990,test
run_0991,test
run_0992,train
run_0993,train
run_0994,train
run_0995,validation
run_0996,validation
run_0997,train
run_0998,train
run_0999,train
run_1000,test
run_1001,test
run_1002,train
run_1003,train
run_1004,test
run_1005,validation
run_1006,train
run_1007,train
run_1008,train
run_1009,test
run_1010,train
run_1011,train
run_1012,train
run_1013,train
run_1014,train
run_1015,train
run_1016,train
run_1017,train
run_1018,validation
run_1019,test
run_1020,test
run_1021,test
run_1022,test
run_1023,train
run_1024,train
run_1025,train
run_1026,train
run_1027,test
run_1028,train
run_1029,test
run_1030,train
run_1031,train
run_1032,validation
run_1033,train
run_1034,validation
run_1035,test
run_1036,train
run_1037,train
run_1038,train
run_1039,train
run_1040,train
run_1041,train
run_1042,test
run_1043,train
run_1044,train
run_1045,train
run_1046,test
run_1047,train
run_1048,test
run_1049,train
run_1050,train
run_1051,train
run_1052,test
run_1053,train
run_1054,validation
run_1055,train
run_1056,train
run_1057,validation
run_1058,validation
run_1059,test
run_1060,test
run_1061,train
run_1062,train
run_1063,validation
run_1064,train
run_1065,train
run_1066,validation
run_1067,test
run_1068,train
run_1069,test
run_1070,validation
run_1071,train
run_1072,train
run_1073,validation
run_1074,test
run_1075,validation
run_1076,train
run_1077,validation
run_1078,train
run_1079,test
run_1080,train
run_1081,train
run_1082,train
run_1083,test
run_1084,validation
run_1085,train
run_1086,validation
run_1087,train
run_1088,train
run_1089,validation
run_1090,test
run_1091,train
run_1092,train
run_1093,train
run_1094,train
run_1095,train
run_1096,train
run_1097,train
run_1098,train
run_1099,train
run_1100,train
run_1101,train
run_1102,train
run_1103,train
run_1104,validation
run_1105,train
run_1106,train
run_1107,train
run_1108,train
run_1109,train
run_1110,train
run_1111,train
run_1112,validation
run_1113,train
run_1114,train
run_1115,train
run_1116,train
run_1117,train
run_1118,train
run_1119,validation
run_1120,train
run_1121,validation
run_1122,train
run_1123,train
run_1124,test
run_1125,train
run_1126,train
run_1127,train
run_1128,train
run_1129,validation
run_1130,train
run_1131,validation
run_1132,validation
run_1133,train
run_1134,train
run_1135,train
run_1136,train
run_1137,test
run_1138,test
run_1139,train
run_1140,validation
run_1141,train
run_1142,validation
run_1143,train
run_1144,train
run_1145,test
run_1146,validation
run_1147,train
run_1148,train
run_1149,train
run_1150,validation
run_1151,train
run_1152,train
run_1153,validation
run_1154,train
run_1155,test
run_1156,train
run_1157,train
run_1158,train
run_1159,train
run_1160,train
run_1161,validation
run_1162,train
run_1163,train
run_1164,test
run_1165,train
run_1166,train
run_1167,train
run_1168,train
run_1169,test
run_1170,train
run_1171,validation
run_1172,train
run_1173,validation
run_1174,train
run_1175,validation
run_1176,train
run_1177,train
run_1178,validation
run_1179,test
run_1180,train
run_1181,train
run_1182,train
run_1183,train
run_1184,validation
run_1185,validation
run_1186,validation
run_1187,train
run_1188,train
run_1189,validation
run_1190,train
run_1191,validation
run_1192,train
run_1193,train
run_1194,test
run_1195,train
run_1196,train
run_1197,train
run_1198,train
run_1199,train
run_1200,train
run_1201,validation
run_1202,test
run_1203,train
run_1204,train
run_1205,test
run_1206,train
run_1207,train
run_1208,train
run_1209,train
run_1210,train
run_1211,train
run_1212,train
run_1213,train
run_1214,train
run_1215,train
run_1216,validation
run_1217,validation
run_1218,train
run_1219,train
run_1220,train
run_1221,train
run_1222,train
run_1223,train
run_1224,test
run_1225,train
run_1226,train
run_1227,train
run_1228,train
run_1229,train
run_1230,train
run_1231,train
run_1232,train
run_1233,train
run_1234,train
run_1235,train
run_1236,train
run_1237,test
run_1238,train
run_1239,train
run_1240,train
run_1241,test
run_1242,train
run_1243,train
run_1244,train
run_1245,train
run_1246,train
run_1247,train
run_1248,train
run_1249,train
run_1250,train
run_1251,train
run_1252,train
run_1253,test
run_1254,validation
run_1255,train
run_1256,train
run_1257,train
run_1258,train
run_1259,validation
run_1260,validation
run_1261,train
run_1262,train
run_1263,train
run_1264,train
run_1265,train
run_1266,train
run_1267,train
run_1268,train
run_1269,train
run_1270,test
run_1271,train
run_1272,train
run_1273,train
run_1274,train
run_1275,train
run_1276,validation
run_1277,validation
run_1278,test
run_1279,test
run_1280,train
run_1281,train
run_1282,train
run_1283,train
run_1284,test
run_1285,test
run_1286,test
run_1287,validation
run_1288,test
run_1289,test
run_1290,train
run_1291,train
run_1292,train
run_1293,train
run_1294,train
run_1295,validation
run_1296,validation
run_1297,train
run_1298,test
run_1299,test
run_1300,train
run_1301,train
run_1302,train
run_1303,train
run_1304,train
run_1305,train
run_1306,train
run_1307,train
run_1308,train
run_1309,test
run_1310,validation
run_1311,test
run_1312,train
run_1313,train
run_1314,train
run_1315,train
run_1316,train
run_1317,train
run_1318,train
run_1319,train
run_1320,validation
run_1321,validation
run_1322,train
run_1323,test
run_1324,train
run_1325,train
run_1326,validation
run_1327,test
run_1328,validation
run_1329,train
run_1330,train
run_1331,validation
run_1332,test
run_1333,test
run_1334,train
run_1335,test
run_1336,train
run_1337,train
run_1338,test
run_1339,validation
run_1340,train
run_1341,test
run_1342,test
run_1343,train
run_1344,train
run_1345,train
run_1346,train
run_1347,test
run_1348,train
run_1349,train
run_1350,train
run_1351,validation
run_1352,train
run_1353,train
run_1354,train
run_1355,train
run_1356,train
run_1357,test
run_1358,train
run_1359,train
run_1360,train
run_1361,test
run_1362,train
run_1363,train
run_1364,train
run_1365,validation
run_1366,train
run_1367,train
run_1368,train
run_1369,train
run_1370,test
run_1371,train
run_1372,train
run_1373,test
run_1374,test
run_1375,train
run_1376,train
run_1377,validation
run_1378,validation
run_1379,test
run_1380,train
run_1381,train
run_1382,train
run_1383,train
run_1384,test
run_1385,train
run_1386,test
run_1387,train
run_1388,train
run_1389,train
run_1390,train
run_1391,train
run_1392,validation
run_1393,train
run_1394,train
run_1395,train
run_1396,train
run_1397,test
run_1398,train
run_1399,train
run_1400,test
run_1401,validation
run_1402,test
run_1403,train
run_1404,train
run_1405,train
run_1406,train
run_1407,train
run_1408,train
run_1409,validation
run_1410,validation
run_1411,train
run_1412,train
run_1413,train
run_1414,train
run_1415,train
run_1416,train
run_1417,train
run_1418,train
run_1419,test
run_1420,train
run_1421,test
run_1422,train
run_1423,test
run_1424,train
run_1425,validation
run_1426,train
run_1427,train
run_1428,validation
run_1429,validation
run_1430,train
run_1431,train
run_1432,train
run_1433,train
run_1434,validation
run_1435,validation
run_1436,validation
run_1437,train
run_1438,train
run_1439,validation
run_1440,validation
run_1441,train
run_1442,validation
run_1443,train
run_1444,test
run_1445,train
run_1446,train
run_1447,train
run_1448,train
run_1449,train
run_1450,train
run_1451,train
run_1452,train
run_1453,train
run_1454,train
run_1455,validation
run_1456,train
run_1457,train
run_1458,train
run_1459,train
run_1460,train
run_1461,train
run_1462,train
run_1463,train
run_1464,train
run_1465,train
run_1466,train
run_1467,train
run_1468,train
run_1469,train
run_1470,validation
run_1471,train
run_1472,train
run_1473,train
run_1474,validation
run_1475,train
run_1476,train
run_1477,validation
run_1478,test
run_1479,train
run_1480,train
run_1481,train
run_1482,train
run_1483,train
run_1484,validation
run_1485,train
run_1486,train
run_1487,validation
run_1488,test
run_1489,train
run_1490,train
run_1491,train
run_1492,test
run_1493,train
run_1494,test
run_1495,train
run_1496,validation
run_1497,train
run_1498,train
run_1499,validation
run_1500,validation
run_1501,validation
run_1502,train
run_1503,test
run_1504,test
run_1505,test
run_1506,train
run_1507,train
run_1508,train
run_1509,train
run_1510,train
run_1511,train
run_1512,train
run_1513,train
run_1514,train
run_1515,train
run_1516,train
run_1517,train
run_1518,train
run_1519,train
run_1520,test
run_1521,train
run_1522,train
run_1523,train
run_1524,train
run_1525,validation
run_1526,train
run_1527,train
run_1528,train
run_1529,train
run_1530,validation
run_1531,train
run_1532,test
run_1533,train
run_1534,train
run_1535,train
run_1536,train
run_1537,train
run_1538,validation
run_1539,validation
run_1540,train
run_1541,test
run_1542,validation
run_1543,train
run_1544,test
run_1545,train
run_1546,validation
run_1547,validation
run_1548,train
run_1549,train
run_1550,train
run_1551,train
run_1552,train
run_1553,train
run_1554,train
run_1555,validation
run_1556,validation
run_1557,validation
run_1558,train
run_1559,validation
run_1560,train
run_1561,train
run_1562,test
run_1563,train
run_1564,train
run_1565,test
run_1566,train
run_1567,train
run_1568,validation
run_1569,train
run_1570,test
run_1571,train
run_1572,train
run_1573,test
run_1574,train
run_1575,train
run_1576,validation
run_1577,train
run_1578,train
run_1579,validation
run_1580,validation
run_1581,train
run_1582,train
run_1583,train
run_1584,train
run_1585,train
run_1586,test
run_1587,train
run_1588,test
run_1589,train
run_1590,train
run_1591,train
run_1592,train
run_1593,train
run_1594,validation
run_1595,train
run_1596,train
run_1597,train
run_1598,validation
run_1599,train
run_1600,train
run_1601,validation
run_1602,train
run_1603,validation
run_1604,train
run_1605,train
run_1606,train
run_1607,train
run_1608,train
run_1609,train
run_1610,test
run_1611,test
run_1612,train
run_1613,train
run_1614,train
run_1615,validation
run_1616,train
run_1617,train
run_1618,train
run_1619,train
run_1620,train
run_1621,test
run_1622,train
run_1623,test
run_1624,train
run_1625,train
run_1626,train
run_1627,train
run_1628,train
run_1629,train
run_1630,validation
run_1631,validation
run_1632,train
run_1633,train
run_1634,validation
run_1635,train
run_1636,train
run_1637,train
run_1638,train
run_1639,train
run_1640,train
run_1641,validation
run_1642,train
run_1643,test
run_1644,train
run_1645,train
run_1646,test
run_1647,test
run_1648,train
run_1649,train
run_1650,validation
run_1651,train
run_1652,train
run_1653,train
run_1654,validation
run_1655,train
run_1656,train
run_1657,test
run_1658,validation
run_1659,train
run_1660,train
run_1661,train
run_1662,train
run_1663,train
run_1664,train
run_1665,train
run_1666,test
run_1667,train
run_1668,train
run_1669,train
run_1670,train
run_1671,train
run_1672,validation
run_1673,train
run_1674,test
run_1675,train
run_1676,train
run_1677,train
run_1678,train
run_1679,train
run_1680,train
run_1681,test
run_1682,train
run_1683,train
run_1684,train
run_1685,test
run_1686,test
run_1687,train
run_1688,validation
run_1689,train
run_1690,train
run_1691,train
run_1692,train
run_1693,train
run_1694,train
run_1695,train
run_1696,train
run_1697,train
run_1698,validation
run_1699,train
run_1700,train
run_1701,train
run_1702,validation
run_1703,train
run_1704,train
run_1705,train
run_1706,test
run_1707,train
run_1708,train
run_1709,train
run_1710,train
run_1711,train
run_1712,validation
run_1713,train
run_1714,train
run_1715,train
run_1716,train
run_1717,train
run_1718,validation
run_1719,train
run_1720,test
run_1721,train
run_1722,validation
run_1723,test
run_1724,train
run_1725,validation
run_1726,validation
run_1727,validation
run_1728,validation
run_1729,train
run_1730,train
run_1731,validation
run_1732,train
run_1733,train
run_1734,train
run_1735,train
run_1736,train
run_1737,test
run_1738,train
run_1739,train
run_1740,train
run_1741,train
run_1742,train
run_1743,test
run_1744,train
run_1745,train
run_1746,train
run_1747,train
run_1748,validation
run_1749,test
run_1750,test
run_1751,train
run_1752,train
run_1753,train
run_1754,train
run_1755,validation
run_1756,train
run_1757,train
run_1758,train
run_1759,train
run_1760,validation
run_1761,train
run_1762,train
run_1763,train
run_1764,validation
run_1765,train
run_1766,validation
run_1767,validation
run_1768,validation
run_1769,validation
run_1770,validation
run_1771,train
run_1772,train
run_1773,train
run_1774,test
run_1775,train
run_1776,test
run_1777,train
run_1778,train
run_1779,test
run_1780,test
run_1781,test
run_1782,train
run_1783,train
run_1784,train
run_1785,test
run_1786,test
run_1787,validation
run_1788,test
run_1789,train
run_1790,test
run_1791,train
run_1792,train
run_1793,train
run_1794,validation
run_1795,validation
run_1796,train
run_1797,train
run_1798,train
run_1799,train
run_1800,train
run_1801,train
run_1802,train
run_1803,train
run_1804,train
run_1805,train
run_1806,train
run_1807,train
run_1808,train
run_1809,validation
run_1810,train
run_1811,train
run_1812,train
run_1813,train
run_1814,train
run_1815,train
run_1816,test
run_1817,train
run_1818,train
run_1819,train
run_1820,validation
run_1821,train
run_1822,train
run_1823,train
run_1824,train
run_1825,test
run_1826,train
run_1827,train
run_1828,train
run_1829,train
run_1830,train
run_1831,train
run_1832,train
run_1833,train
run_1834,train
run_1835,validation
run_1836,train
run_1837,train
run_1838,train
run_1839,test
run_1840,train
run_1841,train
run_1842,train
run_1843,train
run_1844,validation
run_1845,train
run_1846,test
run_1847,train
run_1848,train
run_1849,validation
run_1850,train
run_1851,train
run_1852,train
run_1853,train
run_1854,train
run_1855,validation
run_1856,train
run_1857,test
run_1858,test
run_1859,train
run_1860,train
run_1861,train
run_1862,validation
run_1863,train
run_1864,train
run_1865,validation
run_1866,validation
run_1867,train
run_1868,test
run_1869,train
run_1870,train
run_1871,train
run_1872,train
run_1873,train
run_1874,train
run_1875,train
run_1876,train
run_1877,train
run_1878,validation
run_1879,train
run_1880,train
run_1881,test
run_1882,train
run_1883,train
run_1884,train
run_1885,train
run_1886,train
run_1887,validation
run_1888,train
run_1889,train
run_1890,train
run_1891,validation
run_1892,train
run_1893,train
run_1894,train
run_1895,train
run_1896,train
run_1897,train
run_1898,train
run_1899,train
run_1900,train
run_1901,train
run_1902,train
run_1903,train
run_1904,train
run_1905,train
run_1906,validation
run_1907,train
run_1908,train
run_1909,test
run_1910,train
run_1911,train
run_1912,validation
run_1913,train
run_1914,train
run_1915,train
run_1916,train
run_1917,test
run_1918,train
run_1919,train
run_1920,validation
run_1921,validation
run_1922,train
run_1923,train
run_1924,train
run_1925,train
run_1926,validation
run_1927,train
run_1928,train
run_1929,train
run_1930,test
run_1931,test
run_1932,train
run_1933,test
run_1934,train
run_1935,train
run_1936,validation
run_1937,test
run_1938,train
run_1939,train
run_1940,test
run_1941,validation
run_1942,train
run_1943,train
run_1944,train
run_1945,test
run_1946,train
run_1947,validation
run_1948,validation
run_1949,test
run_1950,train
run_1951,train
run_1952,train
run_1953,validation
run_1954,train
run_1955,validation
run_1956,train
run_1957,train
run_1958,train
run_1959,train
run_1960,validation
run_1961,train
run_1962,train
run_1963,test
run_1964,validation
run_1965,train
run_1966,train
run_1967,test
run_1968,train
run_1969,train
run_1970,test
run_1971,train
run_1972,train
run_1973,validation
run_1974,validation
run_1975,train
run_1976,train
run_1977,train
run_1978,train
run_1979,test
run_1980,train
run_1981,train
run_1982,validation
run_1983,test
run_1984,test
run_1985,validation
run_1986,train
run_1987,train
run_1988,train
run_1989,train
run_1990,test
run_1991,train
run_1992,validation
run_1993,train
run_1994,train
run_1995,train
run_1996,train
run_1997,train
run_1998,train
run_1999,train
